index,corp_code,corp_name,corp_eng_name,stock_code,modify_date
1945,00260985,한빛네트,"HanbitNet, Inc.",036720,
1957,00264529,엔플렉스,"Nplex,Inc.",040130,
1958,00358545,동서정보기술,"Dong Seo Information Technology Co., Ltd.",055000,
2698,00231567,애드모바일, ,032600,
3770,00359614,리더컴,"LEADER COMM.Co.,Ltd",056140,
3838,00153551,허메스홀딩스,"Hermesholdings Co.,LTD",012400,
3871,00344746,유티엑스,"UTX CO.,LTD.",045880,
3948,00261188,글로포스트,"Glopost CO., Ltd.",037830,
3949,00268020,쏠라엔텍,"SOLAR & TECH CO., LTD.",030390,
3950,00269287,보홍,"Bohong Co.,Ltd.",041320,
3989,00475286,동북아1호선박투자회사,DongBukaNO1ShipInvst,078420,
3996,00250775,에듀아크,"EDU ARK Co., Ltd.",046350,
4014,00114321,데코,Deco,013650,
4091,00191108,엘앤씨피,"L&CP CO.,Ltd",015390,
4108,00167378,희훈디앤지,HEEHOON DESIGN & GLOBAL.CO.LTD,019640,
4115,00225210,퓨쳐인포넷,"Future Infonet, Inc.",058690,
4120,00223346,쓰리디넷,"3D NET Co.,Ltd.",035400,
4122,00174129,제일저축은행,Jeil Savings Bank,024100,
4123,00114826,제일창업투자,Korea First Venture Capital Corporation,026540,
4146,00173333,현대DSF,"HYUNDAI DSF CO.,LTD",016510,
4148,00687599,네프로아이티,"NEPRO IT CO., LTD.",950030,
4208,00256292,자강,ZAKANG Inc,036790,
4219,00271431,케이엠에스,"KMS Co., Ltd",038830,
4247,00154727,에버리소스,EVER RESOURCES INC.,020070,
4248,00246189,제이에스,JS Company Limited,037110,
4290,00154204,태창기업,"TAECHANG ENTERPRISE CO.,LTD",007490,
4297,00152631,에이치비이에너지,"HBE ENERGY CO.,LTD",017300,
4306,00358095,코어비트,COREBIT,056850,
4324,00510215,동북아8호선박투자회사,Dongbuka No.8 Ship Investment Company,082110,
4384,00347619,한국통신데이타,Korea Telecom Data Inc.,045760,
4394,00372013,케너텍,"KENERTEC CO., LTD.",062730,
4400,00353735,다휘,"DAHUI Co., Ltd.",055250,
4428,00186540,코오롱아이넷,KOLON I' NETWORKS CORP.,022520,
4492,00128759,캠브리지코오롱,"CAMBRIDGE KOLON CO.,LTD",004620,
4507,00535588,네오세미테크,Neosemitech Corporation,089240,
4516,00264981,디에이치패션,D.H FASHION CORP.,045260,
4548,00231521,핸디소프트,HandySoft Corp.,032380,
4551,00159908,케이엠에이치,"KMH Co., Ltd.",009690,
4597,00259493,씨엘엘씨디,"CL LCD CO., LTD.",035710,
4604,00359641,현대푸드시스템,HYUNDAI FOOD SYSTEM,114410,
4632,00161639,메리츠종합금융,Meritz Investment Bank,012420,
4649,00211271,제넥셀세인,GENEXEL-SEIN INC.,034660,
4650,00388272,쓰리디월드,"3D world Co., Ltd.",065340,
4686,00264796,스톰이앤에프,"Stom EnF Co.,Ltd.",043680,
4712,00134909,소예,SOYEA Corporation,035010,
4763,00236368,엠엔에프씨,"M&FC CO.,LTD.",048640,
4770,00684547,하이트맥주,"HITE BREWERY CO., LTD.",103150,
4799,00251385,보광티에스,"Bokwang TS Co.,LTD.",066690,
4800,00262682,아인스엠앤엠,"Ein's M&M CO., LTD",040740,
4951,00234555,씨엔씨엔터프라이즈,"C&C ENTERPRISE CO.,LTD",038420,
4965,00507257,아이알디,"International Resources Development Co.,Ltd",084810,
4992,00417963,바이나믹,"BYNAMIC CO., LTD.",067850,
5095,00543523,코크렙제7호위탁관리부동산투자회사,KOCREF REIT 7,086720,
5096,00300566,엔빅스,"ENBIGS Co., Ltd.",054170,
5187,00299376,선팩테크,"SUNPACKTECH CO., LTD.",054010,
5230,00112068,마이크로닉스,MICRONIX CO,001190,
5249,00257194,블루스톤디앤아이,"Blue Stone D&I Co., Ltd.",033720,
5289,00477372,신지소프트,SINJISOFTCorporation,078700,
5360,00465410,맥쿼리센트럴오피스기업구조조정부동산투자회사,MACQUARIE CENTRAL OFFICE CORPORATE,076850,
5402,00331760,테스텍,Testech Incorporation,048510,
5454,00200761,중앙디자인,"Joong Ang Design Co., Ltd",030030,
5549,00268297,에코페트로시스템,"ECOPETRO SYSTEM Co., Ltd.",042870,
5568,00161301,한림창업투자,Hallim Venture Capital,021060,
5617,00237260,헤쎄나,"Hecenat Co.,Ltd",036270,
5649,00297970,미래에셋굿라이프혼합형자녀를위한투자회사10-1,MIRAEASSETGOODLIFEBALANCEDFUND10-1,037510,
5697,00107358,일공공일안경콘택트,"1001 OPTICAL Co., Ltd",032030,
5856,00267474,지앤알,G&R Inc.,043630,
5877,00134051,셀런,"CELRUN CO.,LTD",013240,
5889,00596066,한국베트남15-1유전해외자원개발투자회사,Korea Vietnam15-1Oil Overseas Resources Development Fund,093820,
5951,00347363,에이치원바이오,H1BIO Corp.,052310,
5962,00150226,씨앤중공업,"C&HEAVY INDUSTRIES CO.,LTD",008400,
5963,00152914,FnC코오롱,FnC KOLON CORP,001370,
5997,00158839,제너비오믹스,"Xana-BiomiX Co., LTD.",017010,
6014,00159281,케드콤,"KEDCOM CO.,LTD",011050,
6062,00210537,지엔텍홀딩스,"GENTECH HOLDINGS Co., Ltd.",065410,
6076,00240370,동부씨엔아이,"Dongbu CNI Co.,Ltd.",044640,
6096,00247887,아이피에스,IPSLtd.,051820,
6105,00268358,에스브이에이치,"SVH co., Ltd.",046240,
6139,00316488,제이콤,"Jcommunications Co., Ltd.",060750,
6151,00264130,옥션,"EBAY AUCTION CO., LTD",043790,
6158,00540304,네이쳐글로벌,NatureGlobal Inc.,088020,
6177,00617299,GB블루오션베트남주식혼합형투자회사1호,GB Blue Ocean VIETNAM EQUITY BALANCED FUND [1],094950,
6224,00262275,엠씨티티코어,MCTT CORE Inc.,052210,
6240,00200798,에이스앤파트너스,Ace & Partners,032930,
6255,00335924,지앤디윈텍,"GND WINTECH CO.,LTD.",061050,
6274,00111591,인터피온반도체,"INTERPION SEM CONDUCTOR CO.,LTD",014010,
6275,00189343,솔로몬저축은행,SOLOMON SAVINGS BANK,007800,
6285,00252588,엠트론스토리지테크놀로지,"MTRON STORAGE TECHNOLOGY CO.,LTD.",046320,
6326,00267997,에스티앤아이,"ST&I Co., Ltd.",031800,
6331,00299686,유퍼트,"UPERT, INC.",060670,
6333,00463050,엑스로드,"XROAD Co., Ltd.",074140,
6334,00238913,선우중공업,"SUNWOO HEAVY INDUSTRIES CO.,LTD",068770,
6372,00107446,남양,NAMYANG CORPORATION,003020,
6377,00114303,엘지데이콤,LG Dacom Corporation,015940,
6378,00318617,LG파워콤,LG Powercom Corporation,045820,
6384,00267775,동산진흥,DongsanDevelopment,031960,
6385,00394574,티이씨,"TEC Co.,Ltd",067950,
6386,00110176,한국기술산업,KoreaTechnology,008320,
6407,00136554,스타맥스,"Starmax Co., Ltd.",017050,
6441,00144562,유성티에스아이,"Yoo Sung Technique & Strategy Investment Co., Ltd",024870,
6652,00370547,네오리소스,"NEO RESOURCE CO.,LTD",058550,
6678,00242439,케이알,"KR CO.,LTD.",035950,
6702,00134060,씨앤상선,"C&MERCHANT MARINE CO.,LTD",000790,
6814,00392600,투미비티,"TumiBT Co.,Ltd",058900,
6876,00259855,코아정보시스템,"Core Information System Co., Ltd.",039990,
6886,00385451,케이에스리소스,KS Resources Corporation,066340,
6887,00258944,세계투어,"SEGYE TOUR CO., LTD",047600,
6978,00798530,동양밸류오션기업인수목적,Tongyang Value Ocean Special Purpose Acquisition Company,122290,
7000,00451268,케이이엔지,"K-eng CO., LTD",077960,
7003,00336570,사이버패스,CyberpassIncorporation,063280,
7008,00363325,산양전기,"SANYANGELECTROMECHANICSCO.,LTD",079870,
7018,00148188,으뜸상호저축은행,EUTTEUM MUTUAL SAVINGS BANK,032150,
7056,00508566,국제개발,ICCORPORATION,080570,
7079,00133928,세신,"SESHIN Co.,Ltd.",004230,
7158,00540784,골든브릿지더블유엠경매부동산일호투자회사,GOLDEN BRIDGE WM AUCTION REAL ESTATE FUND[1],084160,
7217,00298252,엘앤피아너스,"LNP HONORS, INC.",061140,
7234,00264556,에이스일렉트로닉스,"ACE ELECTRONICS CO.,LTD.",038690,
7256,00581000,디앤샵,"d&shop Co., Ltd.",090090,
7257,00359094,더체인지,The ChainG Corp,054120,
7314,00686970,다산자기관리부동산투자회사,DASAN REIT,105380,
7344,00255309,써니트렌드,"Sunny Trends Co.,ltd",035500,
7345,00362380,뉴젠비아이티,NewGen BIT CORPORATION.,054650,
7347,00244862,룩소네이트,"Bluemum Co., Ltd.",033880,
7383,00297165,현대오토넷,"HYUNDAI AUTONET CO.,LTD.",042100,
7384,00105767,LG마이크론,LG Micron Ltd.,016990,
7445,00173397,서광건설산업,"SEOKWANG CONSTRUCTION CO.,LTD",001600,
7459,00259606,플러스프로핏,"Plus Profit Co., Ltd",036660,
7475,00178471,한와이어리스,"Hanwireless Co., Ltd.",037020,
7476,00331733,포휴먼,"FORHUMAN CO., LTD",049690,
7560,00104892,알이네트웍스,"RENetworks Co.,Ltd",023670,
7575,00647917,케이알제2호개발전문위탁관리부동산투자회사,"KR2 Development REIT CO., Ltd.",101790,
7629,00597764,미래에셋맵스오퍼튜니티베트남주식혼합형투자회사1호,MIRAEASSET MAPS OPPORTUNITY VIETNAM EQUITY BALANCED FUND 1,094520,
7679,00355821,씨티엘테크,"CTL TEC Co.,Ltd",088960,
7689,00329677,이디디컴퍼니,"EDD COMPANY CO., LTD",052650,
7713,00244871,케이티프리텔,"KT FREETEL. CO., LTD",032390,
7743,00246383,메카포럼,"MECCA FORUM CO., LTD",035830,
7753,00345499,에스피코프,SP CORP.,048130,
7792,00348140,이롬텍,"EROM Tech Co.,Ltd",045400,
7850,00215107,이앤텍,"E & TECH CO.,LTD",047450,
7932,00560991,맥스브로,"Maxbro COMPANY, LIMITED",088810,
7934,00265263,토자이홀딩스,TOZAI Holdings Inc.,037700,
7951,00142564,우방,"WOOBANG CONSTRUCTION CO.,LTD.",013200,
7974,00198572,동양매직,"TONG YANG MAGIC CO., LTD",023020,
7975,00642648,코웰이홀딩스유한공사,CowelleHoldingsInc.,900020,
7983,00537443,아구스,ARGUSInc.,078670,
8034,00113173,대한은박지,"DAIHAN EUNPAKGY CO.,LTD",007480,
8036,00441872,인스프리트,"Insprit, Inc.",073130,
8042,00480844,하이럭스,"HILUX CO., LTD.",079340,
8048,00262044,트리니티,"Trinity CO., LTD.",053070,
8052,00101442,카라반케이디이,"CARAVAN KDE CO., LTD.",032570,
8073,00295875,더존디지털웨어,"Duzon Digital Ware Co.,Ltd.",045380,
8078,00441298,디보스,DIBOSS CORPORATION,080140,
8100,00263885,포네이처,"For Nature Co., LTD.",045290,
8101,00475532,테이크시스템즈,"TAKESYSTEMSCO.,Ltd.",076090,
8102,00130204,폴켐,Polchem Inc.,033190,
8146,00128731,유리이에스,"Yurie ES CO.,LTD.",007050,
8164,00325981,에프아이투어,FIT Inc.,047370,
8165,00540021,모빌탑,"MobiletopCo.,Ltd.",085680,
8181,00362089,올리브나인,"Olive Nine Co.,Ltd.",052970,
8185,00228916,디패션,"De Passion co.,ltd.",030420,
8287,00114215,알덱스,"ALDEX CO.,LTD",025970,
8294,00109648,오라바이오틱스,ORAH BIOTICS INC.,016160,
8302,00261212,시노펙스그린테크,Synopex Green Tech Inc.,037320,
8391,00348007,야호커뮤니케이션,"YAHOH Communication Co., Ltd.",059720,
8393,00275808,브이케이,VK CORPORATION,048760,
8395,00375579,팬택앤큐리텔,"Pantech&Curitel Communications, Inc.",063350,
8402,00197324,팬텀엔터테인먼트그룹,"FANTOM ENTERTAINMENT GROUP CO., LTD",025460,
8406,00339063,삼성수산,"Samsung Fisheries co., Ltd.",052560,
8432,00538497,동북아15호선박투자회사,Dongbuka No.15 Ship Investment Company,084240,
8486,00225140,쌈지,"SSAMZIE CO., LTD.",033260,
8509,00101947,브이오산업,"MORARESOURCE Co., Ltd",018890,
8519,00287724,코디콤,"KODICOM CO., LTD.",041800,
8534,00347840,제네시스엔알디,"GENESISNRD CO.,LTD",052640,
8594,00504357,동북아6호선박투자회사,DongbukaNo.6ShipInv,080410,
8603,00269339,인네트,"INNET Co., Ltd",041450,
8622,00634959,한국월드와이드아시아태평양특별자산1호투자회사,Korea World Wide Asia Pacific Special Assets Fund [1],098150,
8639,00267094,헤파호프코리아,HepaHope Korea Inc.,039350,
8760,00142698,휴리프,"HULIF CO.,LTD",006210,
8775,00350057,하이스마텍,"HiSmarTech Co., Ltd.",057100,
8784,00721981,삼성디지털이미징,"SAMSUNG DIGITAL IMAGING CO., LTD.",108070,
8857,00248691,씨제이인터넷,CJ Internet Corp.,037150,
8858,00335562,엠넷미디어,Mnet Media Corp.,056200,
8859,00369675,온미디어,ON*Media Corporation,045710,
8895,00265078,유니텍전자,UNITECH ELECTRONICS CO. LTD,039040,
8982,00267809,위더스기술금융,Nexus Investment Corporation,019430,
8990,00314000,클라스타,"Clustar Co.,Ltd.",037550,
8992,00355292,아시아미디어홀딩스,"Asia Media Holdings Co.,Ltd.",052810,
9000,00386557,아이스테이션,i-station Corporation,056010,
9007,00548865,동북아21호선박투자회사,"DONGBUKA NO. 21 SHIP INVESTMENT COMPANY CO., LTD.",088010,
9026,00221320,에이스디지텍,"ACE DIGITECH CO., LTD.",036550,
9058,00124054,부산저축은행,BUSAN SAVINGS BANK,007830,
9075,00301486,에피밸리,"EpiValley Co.,Ltd.",068630,
9127,00311298,오페스,"Opes CO.,LTD.",053470,
9133,00348557,액티투오,"Acti2O Co., Ltd.",047710,
9135,00265342,에이치에스씨홀딩스,"GENF Co., Ltd.",038920,
9141,00156734,한국고덴시,KODENSHIKOREA CORP,027840,
9142,00208693,나리지*온,Knowledge*on Inc.,036850,
9144,00128953,프로비타,PROVITA CORPORATION,014420,
9150,00428792,제로원인터랙티브,"ZeroOne Interactive Co.,Ltd",069470,
9151,00148744,제일화재해상보험,"FIRST FIRE & MARINE INSURANCE CO.,LTD",000610,
9152,00518873,동북아9호선박투자회사,DONGBUKA NO.9 SHIP INVESTMENT COMPANY,083120,
9172,00300779,굿이엠지,GOOD EMG.INC,051530,
9182,00397766,아이드림,IDREAM CORP.,066850,
9225,00174305,조인에너지,"JOIN ENERGY Co.,Ltd",004820,
9239,00320807,태광이엔시,"TAE GWANG E AND C CO., LTD",048140,
9363,00106492,렉스엘이앤지,"REX-L ENG CO., LTD.",004790,
9374,00592583,코리아퍼시픽05호선박투자회사,"Korea Pacific No.05 Ship Investment Co., Ltd.",093400,
9470,00275260,엑큐리스,"ACCURIS CO., LTD",048460,
9535,00183914,우경,"WOO KYUNG CO., LTD",025920,
9597,00481676,세미텍,"SemiteqCo.,Ltd",081220,
9762,00104971,그린손해보험,"GREEN NON-LIFE INSURANCE CO., LTD",000470,
9788,00269773,대양글로벌,Daeyang Global Inc.,040180,
9791,00334767,엔하이테크,"N-HITECH CO., LTD",046720,
9846,00453752,제너시스템즈,"XENERSYSTEMS,INC.",073930,
9872,00140919,엘트온,"Visionhightech Co.,Ltd",015050,
9919,00255840,태산엘시디,"Taesan LCD Co.,Ltd",036210,
9962,00133034,성원건설,SUNGWON CORPORATION,012090,
9965,00161028,대우송도개발,"DAEWOO SONGDO DEVELOPMENT Co.,Ltd.",004550,
10035,00174475,현대금속,HYUNDAE METAL Inc.,018410,
10057,00251482,트라이써클,"Tricircle Co.,Ltd.",034010,
10126,00824659,아이비케이에스스마트에스엠이기업인수목적1호,IBKS Smart SME Special Purpose Acquisition Company No.1,126680,
10207,00259536,네스테크,"Nextech Co., LTD.",037540,
10261,00505198,동북아5호선박투자회사,"Dongbuka No.5 Ship Investment Company Co., Ltd",080980,
10290,00679730,파브코,"PYUNG HWA ANTI-VIBRATION SYSTEM CO., LTD.",101990,
10344,00803504,우리기업인수목적1호,"WOORI SPECIAL PURPOSE ACQUISITION 1 CO., LTD.",122750,
10353,00350118,뉴젠아이씨티,"NEWGEN ICT CO., LTD",054150,
10359,00352295,인젠,"INZEN CO.,LTD",041630,
10368,00240088,지앤에스티,"G&ST CO.,LTD",036920,
10599,00560025,코크렙제8호위탁관리부동산투자회사,KOCREF REIT VIII,090540,
10600,00140380,유니온스틸,UNION STEEL,003640,
10634,00101275,경남모직,"KYUNGNAM WOOL TEXTILE CO.,LTD",001670,
10665,00797674,대우증권그린코리아기업인수목적회사,Daewoo Securities Green Korea Special Purpose Acquisition Company,121910,
10676,00244589,지노시스템,"G-Inno Systems CO., LTD.",033850,
10702,00802028,한국투자신성장1호기업인수목적회사,Korea Investment Securities SPAC No.1,123290,
10707,00371519,휴먼텍코리아,HUMAN & TECHNOLOGIES CORPORATION,066060,
10714,00126593,에스에스씨피,"SSCPCo.,Ltd.",071660,
10773,00220181,평산,"PYEONGSANCo.,Ltd.",089480,
10891,00254009,지디코프,GDCorp Inc.,036610,
10903,00505541,아시아퍼시픽2호선박투자회사,"ASIA PACIFIC NO. 2 SHIP INVESTMENT CO.,LTD",081190,
10976,00240398,무한투자,"Muhan Investment Co., Ltd.",034510,
11020,00828309,동부티에스블랙펄기업인수목적,Dongbu TS Black Pearl Special Purpose Acquisition Company,128910,
11039,00349468,블루젬디앤씨,"BLUEGEM D&C CO., LTD.",053040,
11043,00808262,부국퓨쳐스타즈기업인수목적,Bookook Future Stars Special Purpose Acquisition Company LTD.,123300,
11111,00252393,예당컴퍼니,"YEDANG COMPANY CO., LTD.",049000,
11209,00229818,터보테크,"TURBOTEK CO., LTD",032420,
11266,00154189,케이비물산,KOREA BEST PRODUCE CORP,008540,
11274,00680161,연합과기공고유한공사,UNITED TECHNOLOGY HOLDINGS COMPANY LIMITED,900030,
11341,00102645,글로스텍,"GLOSTECH CO.,Ltd.",012410,
11343,00844884,중국고섬공고유한공사,China Gaoxian Fibre Fabric Holdings Ltd.,950070,
11384,00592592,코리아퍼시픽06호선박투자회사,"Korea Pacific No.06 Ship Investment Co., Ltd.",093410,
11386,00268437,나노트로닉스,"NanoTronix Co., Ltd",010670,
11547,00798284,미래에셋제1호기업인수목적,Miraeasset No.1 Special Purpose Acquisition Company,121950,
11560,00164195,에이원마이크로,"AONEMICRO, INC.",037380,
11561,00264811,에이프로테크놀로지,"APRO TECHNOLOGY CO.,LTD.",045470,
11756,00676380,모린스,"Moreens Co., Ltd",110310,
11798,00543231,디지텍시스템스,"DIGITECHsystemsCo.,Ltd.",091690,
11867,00122436,배명금속,"BAEMYUNG METAL CO.,LTD",011800,
11893,00505189,동북아4호선박투자회사,"Dongbuka No.4 Ship Investment Company Co., Ltd",080970,
11945,00271413,사라콤,"SARACOM CO., LTD",040020,
11994,00245296,폴리플러스,"Polyplus Co., Ltd",065610,
12038,00480905,영찬테크,"Young Chan Tech Co.,Ltd.",085990,
12114,00890333,케이비부국제1호개발전문위탁관리부동산투자회사,"KB-Bookook No.1 Development Cc., Ltd.",149130,
12118,00510534,아시아퍼시픽8호선박투자회사,"ASIA PACIFIC NO. 8 SHIP INVESTMENT CO.,LTD",081930,
12151,00150855,진흥저축은행,JINHEUNG SAVINGS BANK,007200,
12170,00173634,에듀언스,"EDUENCE CO.,LIMITED",009010,
12187,00830377,성융광전투자유한공사,SHENGLONG PV-TECH INVESTMENT CO. LIMITED,900150,
12232,00224567,샤인시스템,"SHINE SYSTEM CO., LTD.",066300,
12280,00582054,씨모텍,"C-motechCo.,LTD.",081090,
12360,00125929,에스컴,S Com Inc.,014900,
12408,00502793,아시아퍼시픽1호선박투자회사,AsiaPacificNo.1,080180,
12421,00505550,아시아퍼시픽3호선박투자회사,"ASIA PACIFIC NO. 3 SHIP INVESTMENT CO.,LTD.",081200,
12446,00104704,한국저축은행,KOREA SAVINGS BANK,025610,
12452,00361035,미리넷,"Millinet Co., Ltd.",056710,
12543,00630111,3노드디지탈그룹유한공사,"3NODDigitalGroupCo.,Ltd.",900010,
12557,00264802,유일엔시스,YOUILENSYS Corporation,038720,
12791,00399773,케이피케미칼,KP CHEMICAL CORP,064420,
12799,00257529,이루넷,"Iroonet,Inc.",041030,
12814,00804114,대신증권그로쓰알파기업인수목적,DAISHIN SECURITIES GROWTH ALPHA SPAC,123550,
12815,00416706,유에이블,"UABLE CO.,LTD.",071530,
13069,00173324,경윤하이드로에너지,"KyungYoon Hydro Energy CO.,LTD.",019120,
13077,00121729,롯데미도파,"LOTTE MIDOPA CO.,LTD",004010,
13081,00808226,한화에스브이명장제1호기업인수목적,Hanwha SV Meister 1st SPAC,124050,
13095,00162577,셀텍,"Cell Tech Co., LTD.",019260,
13096,00812229,에스비아이앤솔로몬드림기업인수목적,SBI and Solomon DREAM SPAC,123910,
13187,00351153,위다스,"Withus Co., Ltd.",056810,
13222,00126885,에스와이코퍼레이션,"SY Corporation Co., Ltd",008080,
13340,00264741,어울림네트웍스,"OULLIM NETWORKS, INC.",042820,
13367,00266989,에이디모터스,"AD Motors Co., Ltd.",038120,
13395,00260693,평안물산,"Pyeong Ahn Trading, Inc.",037240,
13412,00267951,아큐텍,"ACQUTEK CO.,LTD",013780,
13415,00804983,히든챔피언제1호기업인수목적,HiddenChampion 1st Special Purpose Acquisition Company,123160,
13429,00502474,동북아2호선박투자회사,DongbukaNo.2ShipInv,080030,
13484,00579379,금강제강,"KumKangsteel Co.,LTD",105070,
13619,00264857,아라온테크,"Araontech Co., Ltd.",041060,
13634,00375302,우리금융지주,"WooriFinance Holdings Co.,Ltd.",053000,
13690,00264848,대국,Daekuk Corporation,042340,
13749,00251190,글로웍스,"Gloworks Co.,Ltd.",034600,
13760,00694003,중국식품포장유한공사,"CHINA FOOD PACKAGING INC.,LTD",900060,
13804,00505170,동북아3호선박투자회사,Dongbuka  No.3 Ship Investment Company Co.Ltd,080960,
13899,00259439,지아이바이오,"GIBIO Co., Ltd.",035450,
13981,00207436,알에스넷,"R&S Networks Co., Ltd.",046430,
13996,00408585,나이스메탈,"Nice Metal Co.,LTD",072530,
14226,00115038,하나IB증권,Hana Investment Banking & Securities Inc.,003330,
14247,00288653,퓨쳐비젼,"FUTURE VISION CO.,LTD",042570,
14361,00303837,이레전자산업,"E-RAE Electronics Industry Co., Ltd.",045310,
14559,00330017,레이더스컴퍼니,"Raiders Company Co., Ltd.",047420,
14622,00264769,포이보스,"POIBOS CO., LTD",038810,
14623,00308948,미디어코프,"MEDIAcorp, INC.",053890,
14624,00321222,케이디세코,"K-D'seco Co., Ltd.",073780,
14625,00361202,이노블루,"InnoBlue Co.,Ltd.",066200,
14626,00450728,도움,"DOMCO.,LTD.",078610,
14627,00535773,엑스씨이,"eXtendedComputingEnvironmentCO.,LTD.",081500,
14738,00152950,코오롱유화,"KOLON CHEMICAL CO.,LTD",011020,
15267,00296069,세라온홀딩스,"SERAONHOLDINGS CO.,LTD",050600,
15291,00521956,현대경매부동산일호투자회사,HYUNDAI AUCTION REAL ESTATE FUND 1ST,083160,
15305,00360540,우수씨엔에스,"WOOSU CNS CO., LTD.",060550,
15311,00593519,동북아31호선박투자회사,Dongbuka No. 31 Ship Investment Company,093730,
15355,00194372,후야인포넷,"HOOYA INFONET CO., LTD.",032050,
15396,00154693,이레아이엔씨,"Erae I&C co.,Ltd",036900,
15411,00106650,카스코,"KOREA AUTOMOTIVE SYSTEMS CO.,LTD",005330,
15460,00368791,모델라인,"ModelLine Co.,  Ltd.",064720,
15463,00220552,청람디지탈,"CHUNG LAM DIGITAL CO.,LTD",035270,
15464,00294371,한텔,Hantel Co. Ltd,041940,
15643,00353683,코스모스피엘씨,"Cosmos PLC Co., Ltd.",053170,
15644,00252375,나노하이텍,"NANO HITEC ELECTRONIC CO.,LTD.",071360,
15645,00260903,쓰리소프트,3SOFT. Inc.,036360,
15646,00261461,트라이콤,TRICOMINC.,038410,
15647,00265218,케이엔에스홀딩스,KNS HOLDINGS INC.,036760,
15648,00471989,지비에스,"GBS Co., Ltd.",076170,
15649,00306986,피더블유제네틱스,"PWGenetics Co., Ltd.",065910,
15697,00356644,엠텍반도체,"Mtek Semicon CO.,LTD",054440,
15744,00305695,세니콘,"CENICONE CO., LTD",056060,
15811,00257051,유씨아이콜스,UC IndustryCommunityOnLineServices Inc.,065810,
15945,00459589,코크렙제3호CR리츠,KOCREF CR-REITIII,073530,
16153,00366164,아이티센네트웍스,"ITCEN NETWORKS CO., LTD.",057110,
16171,00436728,리얼티코리아제1호기업구조조정부동산투자,"REALTY KOREA CR REIT CO.,LTD",072450,
16337,00136235,BHK,BHK Inc.,003990,
16338,00328854,포넷,"FONET Co., Ltd.",048270,
16486,00120960,맥슨텔레콤,"MAXON TELECOM CO.,LTD",009890,
16923,00119733,엔토리노,nTorino Corporation Inc.,032590,
16962,00119423,두림티앤씨,"DOORIM T&C CO., LTD.",033330,
16979,00557067,동북아27호선박투자회사,Dongbuka No. 27 Ship Investment Company,089170,
16980,00557058,동북아28호선박투자회사,Dongbuka No. 28 Ship Investment Company,089180,
16981,00557030,동북아30호선박투자회사,Dongbuka No. 30 Ship Investment Company,089200,
16982,00557049,동북아29호선박투자회사,Dongbuka No. 29 Ship Investment Company,089190,
17034,00244330,현주컴퓨터,HYUNJU COMPUTER CO. LTD,038960,
17155,00120100,LG석유화학,"LG PETROCHEMICAL CO.,LTD",012990,
17175,00246657,오브제,"OBZEE CO., LTD",058680,
17335,00130037,휴닉스,HUNIX INC.,009790,
17360,00405074,세이프아시아,"Safe Asia Co., Ltd.",066330,
17454,00398534,코크렙제1호기업구조조정부동산투자회사,KOCREF CR-REIT1,067910,
17695,00165200,위너스인프라인,Winners Infraline Corporation,005760,
17847,00150183,AP우주통신,"Asia Pacific Space Telecom Co., Ltd",015670,
17897,00268482,조이토토,"Joytoto Co., Ltd",044370,
17898,00363033,한도하이테크,"HANDO HI-TECH CO., LTD.",060660,
17899,00364227,에너윈,"ENERWIN Co.,Ltd.",055970,
18041,00458915,유레스메리츠제1호,UresMeritz1stCR-REIT,073470,
18089,00386876,교보메리츠퍼스트기업구조조정부동산투자회사,KYOBO-MERITZ FIRST CR-REIT,064900,
18103,00543073,굿앤리치부동산공경매투자회사1호,GOOD&RICH REAL ESTATE AUCTION FUND[1],085450,
18156,00160445,한국합섬,HANKOOK SYNTHETICS INC,025830,
18335,00554468,굿앤리치부동산공경매투자회사2호,Good&Rich real estate auction fund[2],088510,
18414,00165565,디에스피이엔티,"DSP Ent Co., Ltd.",016040,
18493,00300256,시큐어소프트,SecureSoft Inc.,037060,
18499,00138491,동부일렉트로닉스,"DONGBUELECTRONICS CO.,LTD",001830,
18672,00102821,고려시멘트,"KOREA CEMENT co., Ltd",003660,
18674,00377814,베스트플로우,BestFlow Inc.,060410,
18762,00364670,쿨투,CUL 2 Inc.,056020,
18877,00143013,우영,Wooyoung,012460,
19452,00263991,모빌링크텔레콤,"Mobilink Telecom Co., Ltd.",041310,
19911,00105183,극동제혁,"KEUKDONG TANNING CO.,LTD",010200,
19918,00173254,한마음상호저축은행,HANMAUM MUTUAL SAVINGS BANK,025450,
19957,00101637,그로웰전자,"Growell Electronics, Inc.",009220,
19975,00124513,부흥,"BOOHUNG CO.,LTD",003930,
20132,00154417,퍼시픽글라스,"Pacificglas, Inc",009080,
20426,00119362,아이인프라,"iINFRA.Co.,Ltd",008780,
20484,00140353,씨크롭,"CECROP CO.,LTD",016970,
20531,00170451,외환신용카드,"Korea Exchange Bank Credit Service Co., Ltd.",038400,
20533,00267793,삼화기연,"Samwha Engineering Co., Ltd",033210,
20566,00260639,대흥멀티미디어통신,daeheung multimedia communication corp,037250,
20644,00153852,텔슨정보통신,TelsonInformation&Communication,018180,
20689,00248956,비이티,"BET CO., LTD.",036820,
20822,00390028,코오롱인터내셔널,KOLON INTERNATIONAL CORP.,063510,
20869,00260888,엔써커뮤니티,N'ser community Inc.,037750,
20870,00275710,써미트테크놀로지,Summit Technology,039000,
20874,00172103,코리아이앤디,Coreaelectronics & development.inc,027440,
20879,00263955,트래픽아이티에스, ,038050,
20912,00261601,호성,"HOSUNG, INC.",035870,
20975,00265254,넥스텔,NEXTEL INCORPORATED.,037220,
21030,00255266,쓰리알,3R,037730,
21046,00259916,그로웰텔레콤,"GrowellTelecom Co., Ltd.",035780,
21056,00131434,서통,SUTTONG,001150,
21268,00271352,테크메이트,Techmate Corporation,043690,
21306,00244932,한아시스템,"HANA SYSTEMS, INC",036020,
21307,00348052,엔에스아이,"NSI, Inc",053250,
21363,00367598,케이티씨텔레콤,"KTC Telecom CO., Ltd.",055810,
21540,00267720,신한SIT,"SHIN HAN SIT CO.,LTD",054530,
21592,00147949,스마텔,Smartel corporation,004190,
21654,00203458,동방라이텍,"DONGBANG Litech CO., LTD",025690,
21687,00130000,아이텍스필,i-TEX F.I.L. LTD.,008030,
21696,00145534,이수세라믹,"ISU CERAMICS., LTD",032180,
21702,00425360,코크렙제2호기업구조조정부동산투자회사,KOCREF CR-REIT2,070540,
21877,00141334,영풍산업,YOUNG POONG MINING & CONSTRUCTION CORPORATION,002850,
21887,00384452,모닷텔,"MODOTTEL Co.,Ltd.",048150,
21925,00103583,광덕물산,"KWANGDUKMOOLSAN CO.,LTD",003590,
21944,00162142,동원증권,Dongwon Securities,005890,
21976,00236021,우주통신,"WOO JU COMMUNICATION CO., LTD.",054080,
22212,00106483,기라정보통신,"Kira Information&Communications Co.,Ltd",019930,
22248,00208374,텔슨전자,TelsonElectronics,027350,
22250,00309983,하이콤정보통신,Hycom Data Communications Inc.,048540,
22309,00277727,미래에셋굿라이프혼합형자녀를위한펀드5-1,MIRAEASSETGOODLIFEBALANCEDFUND5-1,037500,
22311,00136217,한메엔에스,"HANME NS CO.,LTD",006150,
22359,00229827,이지클럽,"EASYCLUB CO., LTD.",038980,
22559,00247902,넷컴스토리지,NETCOM STORAGE,037010,
22584,00318477,모디아,"MODIA CO., LTD.",046000,
22634,00246815,성진산업,"SUNG JIN INDUSTRIAL CO., LTD.",037650,
22639,00260921,아이엠아이티,"IMIT. CO., LTD.",038100,
22641,00247762,맥시스템,"MAC SYSTEM CO., LTD.",036880,
22696,00350224,슈마일렉트론,"SUMA Electron Co., Ltd.",056500,
22980,00101992,센추리,CENTURY CORP,006750,
22984,00151614,베네데스하이텍,BENEDES HI-TECH Inc,009360,
22987,00179832,에스오케이,"SOK Co., Ltd.",032610,
23093,00241120,세원텔레콤,Sewon Telecom Ltd.,036910,
23249,00277985,한강구조조정기금,HANKANG RESTRUCTURING FUND,036060,
23324,00325918,케이엔티,Korea Neo Technology Co. Ltd,036590,
23445,00110981,대아리드선,"DAEA LEAD WIRE CO.,LTD",009940,
23530,00104467,국민은행,Kookmin Bank ,031150,
23544,00257361,월드텔레콤,"WORLD TELECOM CO.,LTD",047610,
23649,00358730,업필,"Up Feel CO.,LTD.",054370,
23855,00248406,화림모드,"HWARIMMODE CO.,LTD",045920,
23925,00110963,대아건설,DaeaConstruction,000380,
23984,00267021,창민테크,"CHANG MIN TECH CO., LTD",042960,
24079,00330406,씨제이엔터테인먼트,CJ Entertainment INC.,049370,
24151,00110079,대백쇼핑,Debec Shopping,027700,
24334,00141440,지니웍스,"GenieWorks Co.,Ltd.",036600,
24352,00135670,신광기업,"SHINKWANG ENTERPRISE CO.,LTD",001580,
24387,00144933,유진종합개발,YujinDevelopment&Construction,023420,
24402,00371139,휘튼,"FITTON Co., Ltd",066480,
24508,00218654,엠바이엔,MbyN Inc,031970,
24523,00115852,두산건설, ,002950,
24543,00113696,대호,DAEHO CORPORATION,001980,
24582,00253514,한신코퍼레이션,HAHN SHIN CORPORATION,037120,
24612,00105509,금강화섬,"KUMKANG TRADING CO.,LTD",010730,
24809,00163178,우리증권,"WOORI SECURITIES CO.,LTD",001280,
24843,00264185,피코소프트,"picosoft co.,ltd.",039580,
24844,00265157,바이오시스,"Biosys co.,ltd",035960,
24856,00270405,윌텍정보통신,Willtek corporation,039390,
24870,00125406,삼도물산,SAMDO CORPORATION,002930,
24953,00258731,현대멀티캡,"Hyundai MultiCAV Co.,Ltd",035910,
25032,00822572,씨아이에스,Creative & Innovative System Corporation,144630,
25057,00580603,코리아퍼시픽01호선박투자회사,"Korea Pacific No.01 Ship Investment Co.,Ltd.",090970,
25058,00580612,코리아퍼시픽02호선박투자회사,"Korea Pacific No.02 Ship Investment Co.,Ltd.",090980,
25087,00317830,신양오라컴디스플레이,"SHINYANG AURACOM DISPLAY Co.,Ltd.",086830,
25323,00311030,미래에셋증권,"MIRAE ASSET SECURITIES CO.,LTD",037620,
25476,00439053,이룸지엔지,"EROOM G&G CO.,LTD.",050640,
25600,00992312,에스와이이노베이션,"SY Innovation Co., Ltd.",194860,
25630,00580621,코리아퍼시픽03호선박투자회사,"Korea Pacific No.03 Ship Investment Co.,Ltd.",090990,
25631,00580630,코리아퍼시픽04호선박투자회사,"Korea Pacific No.04 Ship Investment Co.,Ltd.",091000,
25643,00262123,유아이에너지,UI Energy Corporation,050050,
25665,00533696,아시아퍼시픽14호선박투자회사,"ASIA PACIFIC NO. 14 SHIP INVESTMENT CO.,LTD",083610,
25795,00533757,아시아퍼시픽13호선박투자회사,"ASIA PACIFIC NO. 13 SHIP INVESTMENT CO.,LTD",083600,
25796,00533580,아시아퍼시픽10호선박투자회사,"ASIA PACIFIC NO. 10 SHIP INVESTMENT CO.,LTD",083570,
25797,01041217,현대에이블기업인수목적1호,Hyundai Able 1st Special Purpose Acquisition Company,204760,
25798,00533793,아시아퍼시픽11호선박투자회사,"ASIA PACIFIC NO. 11 SHIP INVESTMENT CO.,LTD",083580,
25799,00533836,아시아퍼시픽12호선박투자회사,"ASIA PACIFIC NO. 12 SHIP INVESTMENT CO.,LTD",083590,
25812,00144766,호반산업,"HOBAN INDUSTRIAL CO.,LTD.",004320,
25863,00525527,실리콘화일,SiliconFileTechnologiesInc.,082930,
25980,00372989,비엔씨컴퍼니,"BNC COMPANY CO.,LTD.",058370,
26051,00529523,동북아11호선박투자회사,DONGBUKA NO.11 SHIP INVESTMENT CO.,083360,
26052,00526474,동북아14호선박투자회사,DONGBUKA NO.14 SHIP INVESTMENT CO.,083390,
26104,00302801,디아이디,D.IDCorporation,074130,
26164,00124018,부산방직공업,BusanTextile,025270,
26172,00255071,현대에이치씨엔동작방송,"HCN DONGFAK Sysems Co., Ltd",034750,
26287,00364926,플렉스컴,FLEXCOM INC.,065270,
26365,00350491,웹솔루스,"WEBSOLUS CO.,LTD.",160350,
26507,00450214,마이스코,mysco,088700,
26672,01022054,솔트웍스,"Soltworks Co., Ltd.",222520,
26679,00164955,현대페인트,"Hyundai Paint co.,LTD",011720,
26691,00790501,한진해운,"HANJIN SHIPPING CO., LTD.",117930,
26701,00272412,글라소울,"Glassoul Co.,Ltd",045050,
26713,00207542,팬택자산관리,PANTECH PROPERTY MANAGEMENT INC.,025930,
26781,00394778,케이엔씨글로벌,"K&C Global Co., Ltd",068150,
26841,00446460,아이디에스,"InternationalDisplaySolutionsCo.,Ltd.",078780,
26862,00188946,훈영,"Hoonyoung CO.,LTD.",017170,
26900,00137702,한솔아트원제지,"Hansol Artone Paper Co., Ltd.",007190,
26953,00418476,엠제이비,"MJB CO., Ltd.",074150,
27153,00587101,바다로3호선박투자회사,Badaro No.3 Ship Investment Company,092630,
27316,00351047,아이팩토리,"i-factory Co.,Ltd",053810,
27512,00778040,거북선5호선박투자회사,Turtleship No.5 Ship Investment Company,114130,
27513,00778059,거북선6호선박투자회사,Turtleship No. 6 Ship Investment Company,114140,
27610,00126229,삼성물산,Samsung C&T Corporation,000830,
27626,00496003,피엘에이,"PLA Co., Ltd.",082390,
27838,00359030,닉스테크,"NICSTECH CO., LTD",063840,
28137,00510914,아시아퍼시픽9호선박투자회사,"ASIA PACIFIC NO. 9 SHIP INVESTMENT CO.,LTD",081940,
28196,00697329,거북선4호선박투자회사,Turtleship No.4 Ship Investment Company,108890,
28205,00149664,중앙건설,"JOONGANG CONSTRUCTION CO., LTD.",015110,
28226,00318839,미래에셋새천년코리아벤처펀드일호,MIRAEASSETNEWMILLENNIUMKOREAVENTURE FUND1,042950,
28291,00130897,하나은행,Hana Bank,002860,
28320,00183260,에이스하이텍,"Ace Hightech Co., Ltd.",071930,
28405,00246347,태창파로스,"TAECHANG PHAROS.,Ltd.",039850,
28454,00599230,평산차업집단유한공사,PING SHAN TEA GROUP LIMITED,950010,
28469,00970277,스탠다드펌,"Standard Firm Co., Ltd.",179280,
28497,00122922,벽산건설,"BYUCKSAN ENGINEERING & CONSTRUCTION CO.,LTD",002530,
28500,00116860,NH농협증권,"NH INVESTMENT&SECURITIES CO., LTD",016420,
28501,00505569,아시아퍼시픽4호선박투자회사,"ASIA PACIFIC NO.4 SHIP INVESTMENT CO.,LTD.",081210,
28682,00160612,한화화인케미칼,"HANWHA FINE CHEMICAL CO., LTD.",025850,
28743,00659435,정다운,"JUNGDAWN Co.,Ltd.",224090,
28907,00232317,지오엠씨,"GEOMC CO., LTD.",033030,
29009,00130860,에듀패스,EDU-PASS INC.,031950,
29020,00113632,아이디에이치,"IDH CO., LTD.",026230,
29048,00837680,거북선7호선박투자회사,Turtleship No. 7 Ship Investment Company,134000,
29136,00130815,서울상호저축은행,Seoul Mutual Savings Bank,016560,
29189,00248123,와이즈파워,"WISEPOWER CO.,LTD",040670,
29268,00788807,코크렙제15호기업구조조정부동산투자회사,KOCREF15CR-REIT,121550,
29448,00270432,티브로드한빛방송,"TBROAD HANVIT BROADCASTING CO., LTD.",043890,
29477,00648697,거북선3호선박투자회사,Turtleship No.3 Ship Investment Company,102000,
29480,00165529,동성하이켐,"DONGSUNG HIGHCHEM CO., LTD",013450,
29525,00419989,클루넷,"CLUNET CO.,LTD",067130,
29689,00637114,코리아퍼시픽07호선박투자회사,"Korea Pacific No.07 Ship Investment Co., Ltd.",099210,
29723,00361114,씨유전자,"CU ELECTRONICS CO., LTD.",056340,
29803,00125628,삼목강업,"SAMMOK KANG UP CO.,LTD.",158380,
29876,00265227,에스비엠,"SBM CO.,LTD.",037630,
29930,00267669,솔빛미디어,"Solvit Media, Inc",044440,
29953,00693800,에프지엔개발전문자기관리부동산투자회사,"FGN Real Estate Development Investment Trust co.,Ltd.",119250,
29966,00991012,판타지오,"Fantagio Co., LTD",187770,
30003,00164469,현대하이스코,HYUNDAI HYSCO,010520,
30037,00586652,거북선1호선박투자회사,Turtleship No.1 Ship Investment Company,092970,
30078,00345657,코아에스앤아이,"Core S&I Co., Ltd",052350,
30157,00810531,자원메디칼,"JAWON MEDICAL CO., LTD.",181980,
30167,00127370,삼우이엠씨,SamwooEMC,026250,
30182,00261124,어울림정보기술,"Oullim Information Technology, Inc",038320,
30260,00244729,티브로드도봉강북방송,"Tbroad DobongGangbuk Broadcasting Co.,Ltd.",035210,
30419,00138127,티이씨앤코,"TEC&Co Co.,Ltd",008900,
30526,00156521,화인자산관리,Fine Asset Management Corporation,010460,
30809,00120377,로케트전기,"ROCKET ELECTRIC CO.,LTD",000420,
30825,00136970,신일건업,"SHINIL ENGINEERING CO.,LTD",014350,
31044,00148328,제일모직,CHEIL INDUSTRIES INC,001300,
31057,00842479,퓨얼셀파워,"Fuelcellpower Co.,Ltd.",139170,
31095,00907660,아루히,ARUHI Corporation,950100,
31196,00351269,지티앤티,"GT&T CO., LTD.",053870,
31233,00350251,모아에스앤에스,"MOASNS Co., Ltd.",052880,
31241,00206127,어울림엘시스,Oullim Elses Inc.,033280,
31471,00846396,이코리아자기관리부동산투자회사,"e-Corea Real Estate Investment Trusts Co., Ltd",138440,
31492,00144155,SK,"SK Holdings Co., Ltd.",003600,
31539,00678281,에이치앤아이,"H&I.,LTD",103650,
31561,00314888,디에스,"DS CO., LTD",051710,
31620,00653990,유니드코리아,"uNeedkorea Co.,Ltd",110500,
31666,00451116,아이레보,iREVO Inc.,072430,
31710,00159926,포스코티엠씨,"POSCO TMC CO., LTD.",010150,
31802,00648688,거북선2호선박투자회사,Turtleship No.2 Ship Investment Company,101380,
31875,00512550,아시아퍼시픽5호선박투자회사,"ASIA PACIFIC NO.5 SHIP INVESTMENT CO.,LTD.",082240,
31876,00512532,아시아퍼시픽7호선박투자회사,"ASIA PACIFIC NO. 7 SHIP INVESTMENT CO.,LTD",082260,
31877,00512541,아시아퍼시픽6호선박투자회사,"ASIA PACIFIC NO.6 SHIP INVESTMENT CO.,LTD.",082250,
32053,01047929,에스케이제1호기업인수목적,SK No.1 Special Purpose Acquisition Company,207930,
32060,01064315,대우기업인수목적3호,"DAEWOO SPECIAL PURPOSE ACQUISITION 3 CO., LTD.",215580,
32076,01047567,엔에이치에스엘기업인수목적,"NH SL SPECIAL PURPOSE ACQUISITION CO., LTD.",207720,
32270,01043871,케이티비기업인수목적1호,"KTB SPECIAL PURPOSE ACQUISITION COMPANY 1 CO., LTD",204650,
32279,01065536,미래에셋제3호기업인수목적,"MIRAEASSET No.3 SPAC CO.,LTD.",215750,
32304,00636045,넥솔론,Nexolon Company Limited.,110570,
32311,00632331,디피앤케이,"Design Power & Korea Co., Ltd.",189700,
32354,00974459,비앤에스미디어,"B&S MEDIA CO., LTD",156170,
32388,00461690,세화피앤씨,SEWHA P&C INC.,085980,
32423,01111057,에스지에이시스템즈,"SGA SYSTEMS Co., Ltd.",232290,
32688,00823687,웨이포트유한공사,"WAYPORT(H.K.) CO., LIMITED",900130,
32689,00318538,아스팩오일,"ASPACOIL Co.,Ltd",232360,
32704,00855145,하이골드오션2호선박투자회사,"HI GOLD OCEAN NO.2 SHIP INVESTMENT CO., LTD.",139200,
32731,01046179,골든브릿지제2호기업인수목적,"Goldenbridge No.2 Special Purpose Acquisition Co., LTD",206660,
32800,00110495,대성합동지주,"DAESUNG GROUP PARTNERS CO.,LTD.",005620,
32817,00722500,중국원양자원유한공사,"CHINA OCEAN RESOURCES CO.,LTD.",900050,
32838,00533678,아시아퍼시픽15호선박투자회사,"ASIA PACIFIC NO. 15 SHIP INVESTMENT CO.,LTD",083620,
32839,01047716,하나머스트3호기업인수목적,Hana Must Third Special Purpose Acquisition Company,208870,
32862,00686147,신성에프에이,"SHINSUNG FA CO., LTD.",104120,
32949,00686068,신성이엔지,"SHINSUNG ENG CO., LTD.",104110,
33091,00163619,한진피앤씨,"Hanjin P&C CO., LTD",061460,
33218,00967778,나이코,"NYCO CO.,LTD.",192240,
33630,01038161,대우기업인수목적2호,"DAEWOO SPECIAL PURPOSE ACQUISITION 2 CO., LTD.",204440,
33743,00267960,에스에스컴텍,"SS COMTECH Co., Ltd.",036500,
33863,00529310,동북아10호선박투자회사,DONGBUKA NO.10 SHIP INVESTMENT CO.,083350,
34018,01080410,골든브릿지제3호기업인수목적,"Goldenbridge No.3 Special Purpose Acquisition Co., LTD.",219580,
34082,00413824,제이앤유글로벌,JNU GLOBAL INCORPORATION.,086200,
34121,01090301,케이비제8호기업인수목적,KB No.8 Special Purpose Acquistion Company,222390,
34445,01010572,패션플랫폼,"Fashion Platform Co.,Ltd.",256090,
34612,01075047,키움제3호기업인수목적,Kiwoom No.3 Special Purpose Aquisition Company,218710,
34711,01089828,유진기업인수목적3호,"EUGENE SPECIAL PURPOSE ACQUISITION 3 CO., LTD.",221200,
34732,01087079,한화에이스기업인수목적2호,"Hanwha Ace Special Purpose Acquisition 2nd Co., LTD.",219860,
34742,01072660,엔에이치기업인수목적7호,"NH SPECIAL PURPOSE ACQUISITION 7 CO., LTD.",217810,
34778,01091391,교보5호기업인수목적,Kyobo 5 Special Purpose Acquisition Company,223040,
34779,01089961,케이비드림투게더제3호기업인수목적,"KB Dream Together 3rd Special Purpose Acquisition Co., LTD.",221950,
34835,01089387,유안타제2호기업인수목적,"Yuanta 2 SPECIAL PURPOSE ACQUISITION CO.,LTD.",219960,
34887,01111765,에스엠로보틱스,SMROBOTICS Inc.,252940,
34951,01115257,시냅스엠,SCENAPPSM inc.,246830,
35816,01109186,동부제4호기업인수목적,"Dongbu 4th Special Purpose Acquisition Co.,Ltd.",230490,
35877,01095892,태경피엔에스,"TAEKYUNG PNS CO.,LTD",235090,
35918,00130949,카카오엠,Kakao M Corp.,016170,
35930,00202778,썬코어,"Suncore, Inc.",051170,
35934,01090921,케이엠제약,"KM PHARMACY CO.,LTD.",237720,
35935,01102800,키움제4호기업인수목적,Kiwoom No.4 Special Purpose Acquisition Company,226850,
36022,00148717,도레이케미칼,Toray Chemical Korea Inc.,008000,
36056,00959265,디와이엘엔제이,"DYLNJ Co., Ltd",207230,
36082,00447478,엔에스브이,NSV CORPORATION,095300,
36111,00163789,심팩메탈,"SIMPAC METAL Co., Ltd.",090730,
36136,00838421,씨제이이앤엠,CJ E&M Corporation,130960,
36169,01094565,이베스트기업인수목적3호,EBEST SPECIAL PURPOSE ACQUISITION 3 COMPANY,225440,
36193,00842327,완리인터내셔널홀딩스,WANLI INTERNATIONAL HOLDINGS LIMITED,900180,
36267,00156044,하림홀딩스,"HARIM HOLDINGS CO.,LTD.",024660,
36403,00109170,대덕GDS,"DAEDUCK GDS CO.,LTD",004130,
36463,00207223,위너지스,"WINERGYS Co., Ltd",026260,
36467,00454265,스틸플라워,"STEEL FLOWER CO.,LTD",087220,
36665,01170962,GRT,Great Rich Technologies Limited,900290,
36677,00348177,트레이스,"TRAIS Co., Ltd.",052290,
36978,01111020,케이비제9호기업인수목적,KB No.9 Special Purpose Acquisition Company,232270,
36979,01117103,하이에이아이1호기업인수목적,HI AI 1ST Special Purpose Acquisition Company,235010,
37151,00264644,넥스콘테크놀러지,"NEXCON TECHNOLOGY Co., LTD",038990,
37254,00334244,덴소코리아,DENSOKOREAAUTOMOTIVECORPORATION,047060,
37611,00535719,프렉코,"PREXCO CO., LTD.",082220,
37662,00790121,차이나하오란리사이클링유한공사,"China Hao Ran Recycling Co., Ltd.",900090,
38135,00569992,원익테라세미콘,"WONIK TERA SEMICON CO.,LTD.",123100,
38649,00925453,나무기술,"NAMU TECH CO., LTD.",167380,
38984,01130937,한국제4호기업인수목적,"Korea No.4 Special Purpose Acquisition Co., LTD.",240540,
38997,00232496,씨그널엔터테인먼트그룹,Signal Entertainment Group Corp.,099830,
39275,01088458,극동자동화,Kukdong Automation,272420,
39453,00108047,세원화성,"SEWON CHEMICAL CO.,LTD",007910,
39628,00600013,맵스리얼티1,MIRAEASSETMAPS ASIA PACIFIC REAL ESTATE 1 INVESTMENT COMPANY,094800,
40041,00609254,세왕,"SEUNGHWA  CO., LTD.",111610,
40129,01117495,에스와이제이,"SYJ Co., Ltd.",251540,
40154,00835734,피엠디아카데미,PMD ACADEMY CORP.,144740,
40535,01119217,본느,"Bonne Co., Ltd.",242420,
40953,00865382,트러스와이제7호위탁관리부동산투자회사,"TRUS Y 7 REIT CO., Ltd.",140890,
41248,00149877,중앙바이오텍,"CHOONG ANG BIOTECH CO.,LTD",015170,
41476,00123514,보진재,Pochinchai,030950,
41864,01139266,로스웰,"ROTHWELL INTERNATIONAL CO., LIMITED",900260,
41979,01018954,제이에스피브이,"JSPV Co.,Ltd.",250300,
42074,00921475,자비스,"XAVIS CO., Ltd.",230400,
42186,01199985,미래에셋대우기업인수목적1호,"MIRAE ASSET DAEWOO SPECIAL  PURPOSE ACQUISITION 1 CO., LTD.",265480,
42229,00619020,세종머티리얼즈,"Sejong Materials Co., Ltd.",135270,
42237,01179839,신한제3호기업인수목적,"Shinhan 3rd Special Purpose Acquisition Co., Ltd.",257730,
42300,01095397,줌인터넷,ZUM internet Corp.,229480,
42319,01051339,한국비엔씨,BNC Korea Co. Ltd,226610,
42348,01113277,인프라웨어테크놀러지,"INFRAWARE TECHNOLOGY, INC",247300,
42349,01197428,한화에이스기업인수목적3호,"Hanwha Ace Special Purpose Acquisition 3rd Co., LTD.",264290,
42390,00252755,씨앤케이인터내셔널,"CNK INTERNATIONAL CO., LTD",039530,
42529,01181940,아이엘사이언스,"IL SCIENCE CO.,LTD.",122050,
42726,00580180,포인트엔지니어링,"POINT ENGINEERING Co.,Ltd.",176560,
42798,00473400,한컴지엠디,Hancom GMD Inc.,077280,
43070,00100717,아이이,IE Limited,023430,
43303,00133317,에스티씨라이프,"STC LIFE Co.,Ltd.",026220,
43445,01201581,한화수성기업인수목적,"Hanwha Susung Special Purpose Acquisition CO,.LTD",265920,
43468,00200956,현대정보기술,"Hyundai Information Technology Co.,Ltd",026180,
43528,01111570,에스케이제3호기업인수목적,"SK NO.3 SPECIAL PURPOSE ACQUISITION CO., LTD.",232330,
43644,01113781,영현무역,"YOUNG HYUN TRADING Co.,Ltd.",242850,
43942,01194759,대신밸런스제4호기업인수목적,"Daishin Balance 4th Special Purpose Acquisition Co., Ltd.",262830,
44549,00527880,썬테크놀로지스,"Sun Technologies Co., LTD",122800,
44768,00117638,동양텔레콤,"DONGYANG TELECOM CO., LTD",007150,
45066,01063963,유쎌,YOUCEL Inc,252370,
45104,00656340,소프트캠프,"SOFTCAMP CO., LTD",210610,
45248,01194892,알로이스,ALOYS Inc.,271400,
45520,00222806,에임하이글로벌,Aimhigh Global Corp.,043580,
45530,01234525,한국제5호기업인수목적,"Korea No.5 Special Purpose Acquisition Company Co., LTD.",271740,
45558,00389679,해피드림,"HappyDream Co., Ltd.",065180,
45611,00526465,동북아13호선박투자회사,DONGBUKA NO.13 SHIP INVESTMENT CO.,083380,
45696,00324104,디케이씨,"DKC Co., Ltd.",047440,
45769,00410678,다린,"DARIN CO.,LTD.",204690,
46468,00930321,하이골드오션8호국제선박투자회사,HI GOLD OCEAN KMARIN NO.8 SHIP INVESTMENT COMPANY,159650,
46539,00307037,더스텔라,"De Stellar Co.,LTD",065310,
46582,00695464,차이나그레이트스타인터내셔널리미티드,CHINA GREAT STAR INTERNATIONAL LIMITED,900040,
46685,00123152,보루네오가구,"BORNEO INTERNATIONAL FURNITURE CO.,LTD",004740,
46708,01086812,케미메디,KEMIMEDI Co.Ltd,205290,
46985,00961136,씨티네트웍스,"ctnetworks Co., Ltd.",189540,
47005,00893923,이푸른,"Egreen Co., LTD.",185280,
47176,00530796,미성포리테크,"MISUNGPOLYTECHCO.,LTD.",094700,
47366,00671437,파인넥스,"PineNex Co., Ltd",123260,
47696,00102681,고려개발,KOREA DEVELOPMENT CORPORATION,004200,
47781,01243550,아이비케이에스제7호기업인수목적,IBKS No.7 Special Purpose Acquisition Company,276920,
47898,00814810,엠에프엠코리아,"MFM KOREA Co., Ltd.",251960,
47899,01186811,티에스트릴리온,"TS Trillion Co., Ltd.",284610,
47938,01066030,드림티엔터테인먼트,"Dream T Entertainment Co., Ltd.",220110,
48345,00526447,동북아12호선박투자회사,DONGBUKA NO.12 SHIP INVESTMENT CO.,083370,
48398,00435297,맥쿼리인프라,Macquarie Korea Infrastructure Fund,088980,
48432,00598587,인터파크,Interpark Corporation,108790,
48525,01243772,신한제4호기업인수목적,"Shinhan 4th Special Purpose Acquisition CO.,LTD",277480,
48681,01107665,크리스탈신소재,"China Crystal New Material Holdings Co.,  Ltd.",900250,
48711,00351418,코리아오토글라스,KOREA AUTOGLASS CORPORATION,152330,
48849,00843830,카이노스메드,"KAINOS MEDICINE, INC.",220250,
49025,00647935,하나유비에스암바토비니켈해외자원개발2호,HANA UBS AMBATOVY NICKEL OVERSEAS 2,099350,
49026,00647883,하나유비에스암바토비니켈해외자원개발1호,HANA UBS AMBATOVY NICKEL OVERSEAS 1,099340,
49112,01277928,한국제7호기업인수목적,"Korea No.7 Special Purpose Acquisition Co., LTD.",291210,
49395,00100258,에스마크,"SMARK CO.,LTD",030270,
49457,00255141,글로앤웰,"Glonwell Co., Ltd.",035480,
49506,01247918,한화에이스기업인수목적4호,"Hanwha Ace Special Purpose Acquisition 4th CO., Ltd.",279410,
49544,01257526,한국제6호기업인수목적,"Korea No.6 Special Purpose Acquisition Co., LTD.",281410,
49781,00599887,신텍,"SEEN TEC Co., Ltd",099660,
49783,00601641,리드,LEED Corporation,197210,
49869,00261735,위노바,"WINNOVA CO., Ltd.",039790,
50338,00122339,이매진아시아,"IMAGINE ASIA Co.,Ltd.",036260,
50749,00159290,한국아트라스비엑스,"HANKOOK ATLASBX CO.,LTD.",023890,
50767,00116356,동성화학,"DONGSUNG CHEMICAL CO.,LTD",005190,
50873,01337114,구스앤홈,"GOOSE & HOME Co., Ltd",329050,
51442,01336391,엔에이치기업인수목적13호,"NH SPECIAL PURPOSE ACQUISITION 13 CO., LTD.",310840,
51456,00609485,웅진에너지,"Woongjin Energy Co., Ltd ",103130,
51500,00173944,우진,WOOJIN INC,105840,
51572,00786331,에스앤씨엔진그룹리미티드,S&C Engine Group Limited,900080,
51619,00482426,인화정공,"Inhwa Precision Co., Ltd.",101930,
51632,00111874,대원산업,Daewonsanup,005710,
51633,00109286,대동,DAEDONG CORPORATION,000490,
51659,00146719,일화모직공업,"ILHWA WOOL TEXTILE IND CO.,LTD",001590,
51788,01337220,키움제5호기업인수목적,Kiwoom No.5 Special Purpose Acquisition Company,311270,
51862,00129350,삼화콘덴서공업,"SAMWHA CAPACITOR CO.,LTD",001820,
51912,00144252,유니온,UNION CORPORATION,000910,
51939,00303217,우진플라임,"WOOJIN PLAIMM CO.,LTD",049800,
51950,00389387,라임,"LIME Co.,Ltd.",065160,
52037,00208134,KNN,KOREA NEW NETWORK CORPORATION,058400,
52119,00125938,삼보판지,"SAMBO CORRUGATED BOARD CO.,LTD.",023600,
52149,00954242,하이골드오션12호국제선박투자회사,HI GOLD OCEAN KMARIN NO.12 SHIP INVESTMENT COMPANY,172580,
52159,01036446,서연이화,"SEOYON E-HWA CO.,LTD.",200880,
52208,00455112,금빛,GeumVit Corp,045890,
52230,00112970,대한방직,"TAIHAN TEXTILE CO.,LTD",001070,
52235,00129554,갤럭시아에스엠,"Galaxia SM, INC.",011420,
52257,00110307,대선조선,DaesunSipbuilding&Engineering,031990,
52282,01068348,러셀,"RUSSELL CO., LTD.",217500,
52417,00612115,유디피,UDP Technology Ltd.,091270,
52458,01351114,케이비제17호기업인수목적,KB No.17 Special Purpose Acquisition Company,317030,
52465,01326260,하나머스트제6호기업인수목적,Hana Must Sixth Special Purpose Acquisition Company,307160,
52489,01236286,컬러레이,"Coloray International Investment Co., Limited",900310,
52493,00364111,다이노나,DiNonA Inc.,086080,
52661,01015726,미래테크놀로지,"MIRAE TECHNOLOGY, CO., LTD.",213090,
52784,00650629,SBS미디어홀딩스,SBS Media Holdings,101060,
52810,00186939,특수건설,TuksuConstruction,026150,
52845,01169434,오가닉티코스메틱,ORGANIC TEA COSMETICS HOLDINGS COMPANY LIMITED,900300,
52942,00163691,유수홀딩스,"EUSU HOLDINGS CO., LTD.",000700,
53079,00194275,코너스톤네트웍스,"Cornerstone Networks CO., LTD",033110,
53297,00207755,지에스홈쇼핑,GS Home Shopping Inc.,028150,
53302,00133663,세동,SAE DONG CO. LTD,053060,
53318,01137897,에스지에이클라우드서비스,"SGA CloudService Co., Ltd.",224880,
53343,00132318,성광벤드,"SUNG KWANG BEND CO., LTD.",014620,
53385,00799070,이스트아시아홀딩스,East Asia Holdings Investment Limited,900110,
53558,01343920,유안타제4호기업인수목적,"Yuanta 4 SPECIAL PURPOSE ACQUISITION Co., LTD.",313750,
53559,01351822,한화에스비아이기업인수목적,"Hanwha Sbi Special Purpose Acquisition Co., Ltd.",317320,
53565,00260392,대원전선,"DAWON CABLE CO.,LTD",006340,
53629,00379016,이엘케이,ELKCorporation,094190,
53656,00523307,다원시스,"DAWONSYS CO., LTD",068240,
53694,00563147,에스에이티,"Solution Advanced Technology Co.,Ltd.",158300,
53697,01371312,케이비제18호기업인수목적,KB No.18 Special Purpose Acquisition Company,323940,
53726,00153524,태림포장,"Tailim Packaging Co., Ltd",011280,
53739,00962223,지니언스,"GENIANS, INC.",263860,
53765,00267881,보성파워텍,"BOSUNG POWER TECHNOLOGY CO., LTD.",006910,
53770,01366365,이베스트이안기업인수목적1호,Ebest Ian Special Purpose Aquisition 1 Company,323210,
53891,00105156,극동유화,"KUKDONG OIL & CHEMICALS CO.,LTD",014530,
53915,01262023,루트락,"RootLoc Co., Ltd.",253610,
53964,00116073,그린기술투자,"Green Technology Investment Co.,Ltd.",025340,
54015,01336285,에스케이에이씨피씨제4호기업인수목적,"SK ACPC NO.4 SPECIAL PURPOSE ACQUISITION CO., LTD.",307070,
54022,00176792,오렌지라이프생명보험,"Orange Life Insurance,Ltd.",079440,
54191,00366793,에스제이케이,"SJK CO.,LTD.",080440,
54214,00351630,세코닉스,"SEKONIX CO., LTD.",053450,
54440,00867098,티로보틱스,"T-Robotics co., Ltd.",117730,
54445,00481223,넥스피안,NEXPIAN,079560,
54742,00989327,엘피케이로보틱스,"LPK ROBOTICS Co.,Ltd.",183350,
54959,00146649,일진홀딩스,"ILJIN HOLDINGS CO.,LTD",015860,
55102,00601191,하나기술,"HANA TECHNOLOGY CO.,LTD.",299030,
55203,00148443,제일파마홀딩스,JEIL PHARMA HOLDINGS INC.,002620,
55461,00148939,조광피혁,"CHOKWANG LEATHER CO.,LTD",004700,
55553,00966168,디알젬,DRGEM CORPORATION,263690,
55708,00438036,팅크웨어,ThinkwareSystemsCorporation,084730,
55743,01255652,레이크머티리얼즈,"Lake Materials Co., Ltd.",281740,
55795,00664181,인텔리안테크,INTELLIAN TECHNOLOGIES Inc.,189300,
55887,01058101,라파스,"Raphas Co., Ltd.",214260,
55937,01213586,아이디피,"IDP Corp., Ltd.",332370,
55985,00405506,삼영에스앤씨,"SAMYOUNG S&C CO., LTD.",361670,
56058,00268181,에스피컴텍,"SP. COMTECH CO., LTD.",039110,
56168,00552992,진매트릭스,GENEMATRIX INC.,109820,
56322,00173731,씨앤에스자산관리,"C&S ASSET MANAGEMENT CO., LTD.",032040,
56435,00396925,엠로,"EMRO., Incorporated",058970,
56478,01141942,액트로,"ACTRO CO.,Ltd",290740,
56561,00524421,테스,"TESCO.,LTD.",095610,
56743,00491336,잘만테크,"ZalmanTechCo.,Ltd.",090120,
56758,00556615,모바일어플라이언스,"MOBILE APPLIANCE, INC.",087260,
56785,00447760,미래컴퍼니,meerecompanyIncorporated,049950,
56786,01084294,오토앤,AUTO& Inc.,353590,
56903,00118284,동일금속,"DONGIL METAL CO., LTD.",109860,
57132,00442145,아바코,"AVACOCO.,LTD.",083930,
57138,00411446,큐에스아이,"Q.S.ICo.,Ltd.",066310,
57284,01137295,프리시젼바이오,Precision Biosensor Inc.,335810,
57405,00532129,영림원소프트랩,"YoungLimWon SoftLab. Co., Ltd.",060850,
57433,01459212,원준,"Onejoon Co., Ltd.",382840,
57592,00244747,파크시스템스,Park Systems Corp.,140860,
57734,01234297,미원에스씨,"Miwon Specialty Chemical Co., Ltd.",268280,
57740,00763473,코스메카코리아,"COSMECCA KOREA CO., LTD.",241710,
57864,00578325,럭스피아,"Luxpia Co., Ltd.",092590,
58019,00442048,아바텍,"AVATEC CO.,LTD.",149950,
58022,00663289,위월드,"WIWORLD Co.,Ltd",140660,
58187,00147152,유니크,UNICK CORPORATION,011320,
58249,00977377,에이비온,ABION Inc.,203400,
58336,00494546,오비고,Obigo Inc.,352910,
58349,00493501,씨디네트웍스,"CDNetworksCo.,Ltd.",073710,
58417,00267979,한일화학,"HANIL CHEMICAL IND. CO.,LTD",007770,
58597,00530121,디에스케이,"DSK Co.,Ltd.",109740,
58655,00166272,화승코퍼레이션,"Hwaseung Corporation CO., LTD ",013520,
59366,00659815,금오하이텍,"KUMO HITEC. CO., LTD",165270,
59379,00117072,동양건설산업,DONGYANG ENGINEERING @ CONSTRUCT CORP.,005900,
59580,00107303,피엔에스커튼월,"PNS CURTAINWALL CO., LTD",033220,
59627,00393618,제노텍,GENOTECH CORP.,066830,
59683,01022902,애드바이오텍,"ADBIOTECH Co.,Ltd.",179530,
59792,00350738,제네시스디벨롭먼트홀딩스,"Tera Resource Co., Ltd.",053320,
59818,00133715,대주코레스,"KORES CO.,LTD",008340,
59867,00946030,로보티즈,ROBOTIS,108490,
59927,00122728,범양사,"Pumyang Co., Ltd.",002480,
59995,00123967,부산도시가스,"BUSAN CITY GAS CO.,LTD",015350,
60012,00108649,TPC,TPC Mechatronics Corporation,048770,
60027,00231044,우리기술,"Woori Technology, Incorporation",032820,
60077,00609324,뷰웍스,"Vieworks Co., Ltd.",100120,
60223,01429840,아이티아이즈,ITEYES Inc.,372800,
60302,00143794,원림,WONLIM CORPORATION,005820,
60386,01267222,캐리소프트,"CARRIESOFT Co., Ltd.",317530,
60561,00162780,한일건설,"HANIL ENGINEERING & CONSTRUCTION CO.,LTD.",006440,
60634,00183215,케이디지엠텍,"alti-electronics co., ltd.",032290,
60686,00175650,케이씨더블류,Kyung Chang Wiper Corporation,068060,
60800,01139497,에스제이켐,"SJ-CHEM Co., Ltd.",217910,
60874,00860730,에이리츠,A SELF-ADMINISTERED REAL ESTATE INVESTMENT TRUST INC.,140910,
61096,01359736,프로이천,"PRO2000 CO.,LTD.",321260,
61381,00145260,율촌화학,"YOULCHON CHEMICAL CO.,LTD",008730,
61529,00118965,티에이치엔,THN CORPORATION,019180,
61838,00125488,삼륭물산,Samryoong,014970,
61849,00687711,한국철강,KISCO Corp.,104700,
61929,00260879,카페24,Cafe24 Corp.,042000,
62258,00861100,아이케이세미콘,"IK Semicon Co., Ltd.",149010,
62375,00304915,코리아에셋투자증권,"KOREA ASSET INVESTMENT SECURITIES CO.,LTD.",190650,
62423,00362159,웰크론,Welcron Company Limited,065950,
62446,01235296,셀리드,"Cellid Co., Ltd.",299660,
62463,01066058,파마리서치바이오,"PHARMARESEARCH BIO Co., Ltd.",217950,
62464,01303029,알비더블유,RBW Inc.,361570,
62486,01293388,무진메디,"Moogene Medi Co., Ltd.",322970,
62531,01311286,퀀타매트릭스,QuantaMatrix Incorporated,317690,
62631,00606886,엔지켐생명과학,ENZYCHEM LIFESCIENCES CORPORATION,183490,
62655,01394377,이지스밸류플러스리츠,"IGIS Value Plus REIT Co., Ltd.",334890,
62736,00118008,동원금속,"DONGWON METAL CO.,LTD",018500,
62740,00561732,아스플로,"ASFLOW CO.,LTD.",159010,
62800,00132354,쿠쿠홀딩스,"Cuckoo Holdings Co.,Ltd",192400,
62978,00218052,국제엘렉트릭코리아,"Kook Je Electric Korea Co., Ltd",053740,
62988,00595243,엔스퍼트,Enspert. Inc.,098400,
63047,00133238,성지건설,"SUNGJEE CONSTRUCTION CO.,LTD",005980,
63116,00417167,풍원정밀,"POONGWON PRECISION Co.,Ltd.",371950,
63216,00631837,안트로젠,"ANTEROGEN CO., LTD.",065660,
63217,00914040,씨엠에스에듀,"CMS Edu Co., Ltd.",225330,
63224,00159254,한국전자홀딩스,"KEC HOLDINGS CO.,LTD",006200,
63255,01395279,하나금융14호기업인수목적,Hana Financial Fourteen Special Purpose Acquisition Company,332710,
63265,01414361,에스케이제5호기업인수목적,SK NO.5 SPECIAL PURPOSE ACQUISITION,337450,
63266,01414936,에스케이제6호기업인수목적,SK NO.6 SPECIAL PURPOSE ACQUISITION COMPANY,340350,
63369,00367385,효성오앤비,"HyosungONBCo.,Ltd",097870,
63413,00632793,전진바이오팜,"JEONJINBIO CO., LTD.",110020,
63418,01366824,제이엠멀티,JM-MULTI,254160,
63451,00168401,금비,"KUMBI CO.,LTD",008870,
63518,00142591,셰프라인,CHEFLINE CORP,012250,
63569,01407909,원텍,"WON TECH CO.,Ltd.",336570,
63572,01390876,상상인이안제2호기업인수목적,Sangsangin Ian No.2 Special Purpose Acquisition Company,329560,
63581,00648721,SNT에너지,"SNTEnergy Co.,Ltd.",100840,
63709,00145914,인터엠,IntermCorporation,017250,
63800,00266943,넥슨지티,"Nexon GT Co., Ltd.",041140,
63803,00493431,자안바이오,"JAANHBIO, INC.",221610,
63833,01208849,나인테크,"Naintech. CO.,LTD.",267320,
63857,01338724,에스앤케이,SNK CORPORATION,950180,
63965,01135640,이삭엔지니어링,"ISAAC Engineering Co., Ltd.",351330,
64046,00530185,이엔에프테크놀로지,"ENF Technology Co., Ltd",102710,
64135,01187458,에스알바이오텍,SR biotek Inc.,270210,
64269,01046708,바디텍메드,Boditech Med Inc.,206640,
64356,00298687,스포츠서울,"The Sports Seoul Co., Ltd.",039670,
64737,00688358,하이즈항공,"HIZEAERO Co.,Ltd.",221840,
64954,00599151,SV인베스트먼트,SV INVESTMENT CORPORATION,289080,
64963,01532603,화승알앤에이,"HWASEUNG R&A CO., LTD.",378850,
64975,01399071,고바이오랩,"KoBioLabs, Inc.",348150,
65163,00107224,남선알미늄,"NAMSUN ALUMINIUM CO.,LTD",008350,
65183,00226228,한프,HANP INC,066110,
65196,00872850,비지스틸,"DAWIB HIGHTECH Co.,Ltd.",179440,
65257,00347877,세영디앤씨,"SEYOUNG D&C Co., Ltd.",052190,
65268,01067242,비엘사이언스,TCM BIOSCIENCES INC.,228180,
65275,01183407,이십일스토어,"21store Co.,Ltd",270020,
65348,00964595,엔바이오니아,"Envioneer Co., Ltd.",317870,
65365,01415892,제이알글로벌리츠,JR GLOBAL REIT,348950,
65432,00523936,HB솔루션,"HB SOLUTION CO.,LTD.",297890,
65460,00111458,대영포장,"DAEYOUNG PACKAGING CO.,LTD",014160,
65542,00218575,황금에스티,"Hwang Kum Steel & Technology Co., Ltd",032560,
65579,00991191,앱클론,AbClon Inc.,174900,
65865,01350638,티티씨디펜스,"TTC Defence, INC.",309900,
65964,00245694,남화산업,"Namhwa Industrial Co.,Ltd.",111710,
66075,00134316,세원정공,"SEWON PRECISION INDUSTRY CO.,LTD",021820,
66078,01116274,엠앤씨생명과학,"M&C Life Science Co., Ltd.",225860,
66163,01301623,비씨엔씨,"BCnC Co., Ltd.",146320,
66207,01393299,케이비제19호기업인수목적,"KB No.19 Special Purpose Acquisition Company Co., Ltd.",330990,
66248,00872452,미래오토스,HNT Electronics Company Ltd.,176440,
66501,00139685,양지사,Yangjisa,030960,
66589,00103042,케이씨티시,KCTC,009070,
66785,01117592,인터코스,"Interkos Co.,Ltd",240340,
66821,00120872,만호제강,MANHO ROPE & WIRE LTD,001080,
66909,00830447,수프로,"Suppro Co.,Ltd",185190,
66956,01160974,바이오에프디엔씨,"BIO-FD&C CO.,LTD.",251120,
66976,00264787,럭슬,"LUXL CO., LTD.",033600,
67182,01265251,압타머사이언스,Aptamer Sciences Inc,291650,
67284,01267684,쿠쿠홈시스,"CUCKOO HOMESYS CO.,LTD",284740,
67377,00975290,에이스토리,"ASTORY Co., Ltd.",241840,
67394,00411905,테라셈,"TerraSem Co., Ltd.",182690,
67452,01414370,하이제5호기업인수목적,HI Special Purpose Acquisitoin Company V,340120,
67734,00905316,하이골드오션3호선박투자회사,Hi Gold Ocean No.3 Ship Investment Company,153360,
67849,00867973,서남,"SuNAM Co., Ltd.",294630,
67935,00828761,레이,"Ray Co., Ltd.",228670,
68171,00104698,LS네트웍스,LS Networks Corporation Limited,000680,
68185,00122348,방림,"PANGRIM CO.,LTD",003610,
68274,01264438,자이언트스텝,GIANTSTEP Inc.,289220,
68348,00170877,진로발효,JinroDistillers,018120,
68550,00963000,썬테크,"SUNTECH.CO.,LTD",217320,
68665,01021949,덱스터,"Dexter studios Co., Ltd.",206560,
68800,01329957,국전약품,"KUKJEON PHARMACEUTICAL Co.,Ltd",307750,
68885,00135777,신대양제지,"SHINDAEYANG PAPER CO.,LTD",016590,
69004,00866594,미애부,"Miev Co., Ltd.",225850,
69113,00877819,데이타솔루션,"Datasolution, Inc.",263800,
69190,00411048,에스앤에스텍,S&S TECH CORPORATION,101490,
69240,00127200,삼영전자공업,"SAMYOUNG ELECTRONICS CO.,LTD",005680,
69243,00147222,전방,"CHONBANG CO.,LTD",000950,
69246,00106456,지앤엘,"GOLDEN & LUXURY Co., Ltd",014590,
69304,00105475,금강철강,"KEUM KANG STEEL CO., LTD",053260,
69308,00147295,전북은행,THE JEONBUK BANK LTD,006350,
69321,00145464,이구산업,"LEEKU INDUSTRIAL CO.,LTD",025820,
69460,00109161,태경케미컬,"TAEKYUNG CHEMICAL CO.,LTD",006890,
69461,00529815,오디텍,ODTech,080520,
69464,00101628,경방,KYUNGBANG LTD,000050,
69518,00363486,로체시스템즈,RORZE SYSTEMS CORPORATION,071280,
69524,00111865,미래SCI,"MIRAE SCI CO., LTD.",028040,
69527,00823429,한국화장품,"HANKOOK COSMETICS CO.,LTD.",123690,
69534,00303396,한국컴퓨터,KOREA COMPUTER INC.,054040,
69535,01061327,클래시스,CLASSYS Inc.,214150,
69536,00616962,린드먼아시아,Lindeman Asia Investment Corporation,277070,
69621,00174004,유성기업,"YOOSUNG ENTERPRISE CO.,LTD",002920,
69685,00665630,테라텍,"TERATECH CO., LTD.",151750,
69691,00985686,큐브엔터,"CUBE ENTERTAINMENT, INC.",182360,
69740,00571483,오이솔루션,"OE Solutions Co., Ltd.",138080,
69743,00974927,NEW,"Next Entertainment World Co., Ltd.",160550,
69745,00123107,보락,"BOLAK CO.,LTD",002760,
69747,00125725,디모아,"DMOA Co., Ltd",016670,
69766,00899459,레이언스,"RAYENCE CO.,LTD.",228850,
69920,00220561,광주신세계,"GwangjuShinsegae. Co.,Ltd.",037710,
69926,00165343,혜인,HAEIN CORPORATION,003010,
69953,00148595,제일테크노스,"JEIL TECHNOS CO.,LTD",038010,
69964,00409964,하이텍팜,"HIGH TECH PHARM CO.,LTD.",106190,
70005,00159218,한전KPS,"KEPCO Plant Service & Engineering Co., Ltd",051600,
70041,00129615,상보,"SANGBOCo.,Ltd",027580,
70174,00258689,JYP Ent.,JYP Entertainment Corporation,035900,
70222,01117422,나눔테크,"NANOOMTECH Co., Ltd.",244880,
70272,00101220,KG케미칼,KG Chemical Corporation,001390,
70282,00491415,인포바인,"INFOvine co., Ltd.",115310,
70298,00152686,코리아써키트,"KOREA CIRCUIT CO.,LTD",007810,
70317,00162993,한일홀딩스,"HANIL HOLDINGS CO.,LTD.",003300,
70329,00124027,부산산업,"BUSAN INDUSTRIAL CO.,LTD",011390,
70361,00800145,서진오토모티브,"Seojin Automotive Co.,Ltd.",122690,
70363,00145686,이화산업,"RIFA CO., LTD",000760,
70368,00411385,유비쿼스홀딩스,Ubiquoss Holdings Inc.,078070,
70369,00660291,옵티시스,"OPTICIS CO., LTD.",109080,
70409,00258360,위지트,"WIZIT Co., Ltd.",036090,
70431,01124653,슈프리마,Suprema Inc.,236200,
70450,00332927,제이에스코퍼레이션,JS Corporation,194370,
70463,00389110,지어소프트,GAEASOFT ,051160,
70521,00266952,네오위즈홀딩스,NEOWIZ HOLDINGS Corporation,042420,
70552,00398792,SNT모티브,"SNT MOTIV CO.,LTD",064960,
70554,00148920,조광페인트,"CHOKWANG PAINT CO.,LTD",004910,
70556,01170865,네오셈,Neosem Inc.,253590,
70560,00484682,엘오티베큠,"LOTVacuum.Co.,Ltd.",083310,
70561,01437292,미래에셋맵스리츠,"Miraeasset Maps REIT 1 Co., Ltd.",357250,
70712,00136864,신원,SHINWON CORPORATION,009270,
70744,00155373,풍강,"PUNGKANGCO.,LTD",093380,
70753,00533003,디케이락,DK-Lok Corporation,105740,
70762,00336297,고려신용정보,"KORYO CREDIT INFORMATION CO.,LTD.",049720,
70764,00137809,SHD,"SHIN HWA DYNAMICS CO.,LTD",001770,
70781,00136457,SH에너지화학,"SH ENERGY & CHEMICAL CO.,LTD",002360,
70782,00111193,대양전기공업,"DAEYANG ELECTRIC CO.,LTD",108380,
70788,00159175,한국전기초자,"HANKUK ELECTRIC GLASS CO.,LTD",009720,
70833,00490179,플랜티넷,"PLANTYNETCo.,Ltd.",075130,
70847,01258710,이노메트리,"INNOMETRY Co., Ltd.",302430,
70891,00678096,맥스로텍,"MAXROTEC CO., LTD.",141070,
70892,00220686,에스피지,"SPG CO., LTD",058610,
70893,00429694,파버나인,"PAVONINE CO., LTD.",177830,
70895,00138598,아비코전자,"ABCO ELECTRONICS CO., LTD.",036010,
70964,00673976,지스마트글로벌,"G-SMATT GLOBAL Co., Ltd.",114570,
70993,00857727,하림,"HARIM Co., Ltd.",136480,
70994,00803425,코리아에프티,KOREA FUEL-TECH CORPORATION,123410,
71017,00228536,현대에버다임,HYUNDAI EVERDIGM Corp.,041440,
71030,00118345,디아이동일,DI DONG IL CORPORATION,001530,
71031,00636656,바이오플러스,"BioPlus Co., Ltd",099430,
71052,00476036,에프엔에스테크,"FNS TECH. Co.,Ltd.",083500,
71063,00121288,모나미,"MONAMI CO.,LTD",005360,
71109,00146269,일신방직,"ILSHIN SPINNING CO.,LTD",003200,
71110,00155382,바이오빌,"BIOVILL Co.,Ltd.",065940,
71113,00608316,대한과학,"DAIHAN SCIENTIFIC CO., Ltd",131220,
71115,00157539,KB오토시스,"KB Autosys Co.,Ltd",024120,
71146,00671978,그리티,"GRITEE, Inc.",204020,
71161,00130091,샘표,SEMPIO COMPANY,007540,
71177,00138729,아세아제지,"ASIA PAPER MANUFACTURING CO.,LTD",002310,
71198,00531014,유진테크,"EugeneTechnologyCo.,Ltd.",084370,
71226,01584934,핑거스토리,"Finger Story CO., LTD.",417180,
71246,00172936,동일산업,"DONGIL INDUSTRIES CO.,LTD",004890,
71249,00307222,YBM넷,"YBM NET, Inc.",057030,
71310,00369170,인터플렉스,"INTERFLEX CO., LTD.",051370,
71311,00151395,천일고속,"CHUNIL EXPRESS CO.,LTD",000650,
71312,00235147,에이팸,APAM CORPORATION,073070,
71313,00530556,예스티,"YEST Co.,Ltd.",122640,
71358,01046203,스튜디오산타클로스,"STUDIO SANTA CLAUS ENTERTAINMENT Co., Ltd.",204630,
71451,00153126,크라운해태홀딩스,"CROWNHAITAI Holdings CO.,LTD",005740,
71458,00128661,에스에이엠티,"SAMT CO.,LTD.",031330,
71466,00641171,인지소프트,"Inzisoft Co., Ltd.",100030,
71467,00493510,뉴프렉스,"NEWFLEXTECHNOLGYCo.,LTD.",085670,
71469,00223434,에프에스티,FINE SEMITECH Corp.,036810,
71470,00131504,서한,Seohan,011370,
71471,00864338,웹스,"WAPS Co., Ltd.",196700,
71489,00579980,아이티엠반도체,"ITM Semiconductor Co., Ltd",084850,
71515,01169267,세화피앤씨,SEWHA P&C INC.,252500,
71525,00130383,서부T&D,"Seobu T&D Co.,Ltd",006730,
71526,00146560,일지테크,"ILJI TECHNOLOGY CO.,LTD",019540,
71527,00325112,프로텍,"PROTEC Co., Ltd.",053610,
71529,00925295,에프엔씨엔터,"FNC ENTERTAINMENT Co., Ltd.",173940,
71546,00610083,비아트론,"Viatron Technologies, Inc.",141000,
71585,01065785,노브메타파마,"NovMetaPharma Co., Ltd.",229500,
71588,00496225,이엠네트웍스,EM Networks Corporation,087730,
71594,01141599,차백신연구소,CHA Vaccine Research Institute,261780,
71665,00653024,진에어,"JIN AIR CO,.LTD.",272450,
71672,00203582,한솔홈데코,"Hansol HomeDeco co.,ltd.",025750,
71686,01063990,로보로보,"RoboRobo Co., Ltd.",215100,
71713,00938721,필옵틱스,"PHILOPTICS CO., LTD.",161580,
71734,00250997,대정화금,"Daejung Chemicals & Metals Co., Ltd",120240,
71735,00599957,슈프리마에이치큐,Suprema HQ Inc.,094840,
71784,00116806,하스코,"HASCO.CO.,LTD",012760,
71811,00165583,E1,E1 Corporation,017940,
71814,00860332,메리츠금융지주,MERITZ FINANCIAL GROUP INC.,138040,
71881,00159023,SK텔레콤,"SK TELECOM CO.,LTD",017670,
71890,01562589,LX홀딩스,LX Holdings Corp.,383800,
71952,00138297,STX,STX CORPORATION,011810,
71953,00160010,한국큐빅,CUBIC KOREA INC.,021650,
71954,00159795,한국카본,"HANKUK CARBON CO.,LTD",017960,
71994,00807379,신흥에스이씨,"SHIN HEUNG ENERGY & ELECTRONICS CO., LTD.",243840,
72016,01264234,엘에이티,"LAT CO., LTD. ",311060,
72023,00105952,LS,LS Corp.,006260,
72026,00366517,KC산업,"KC INDUSTRY CO.,LTD.",112190,
72058,00378628,KH바텍,"KH VATEC Co., LTD",060720,
72126,00897752,천보,"Chunbo Co., Ltd.",278280,
72164,00206039,경남스틸,"Kyeong Nam Steel Co., LTD",039240,
72167,00160621,한국화장품제조,"HANKOOK COSMETICS MANUFACTURING CO.,LTD",003350,
72169,00340096,미래에셋벤처투자,"Mirae Asset Venture Investment Co.,Ltd.",100790,
72170,00363246,우원개발,"Woowon Development Co., Ltd.",046940,
72171,00539274,대상홀딩스,"DAESANG HOLDINGS CO., LTD",084690,
72233,00145473,이글벳,"Eagle Veterinary Technology Co.,Ltd",044960,
72235,00357607,케이피티유,"Korea Plasma Technology U Co.,Ltd",054410,
72237,00365624,아이윈,"iWIN CO.,LTD",090150,
72266,01180118,코람코더원리츠,KORAMCO THE ONE REIT,417310,
72309,00575106,씨유테크,CU TECH CORPORATION,376290,
72321,01397772,큐라클,"curacle co., ltd.",365270,
72335,01440481,아이비케이에스제13호기업인수목적,IBKS No.13 Special Purpose Acquisition Company,351340,
72355,01166109,예선테크,"YeSUN Tech Co., Ltd.",250930,
72356,01441611,원티드랩,Wanted Lab Inc.,376980,
72365,00533508,제이엠티,"JMT CO.,Ltd.",094970,
72366,00267942,큐캐피탈,"Q Capital Partners Co., Ltd.",016600,
72368,00405320,웹젠,Webzen Inc.,069080,
72409,00203023,시노펙스,Synopex Inc.,025320,
72417,01506848,비스토스,"Bistos Co., Ltd.",419540,
72452,00609661,티쓰리,T3 Entertainment Inc.,204610,
72488,00216498,성도이엔지,SUNGDO Engineering & Construction.,037350,
72498,00298340,에스티아이,Systems Technology Incorporated,039440,
72626,01244601,카카오페이,kakaopay Corp.,377300,
72631,00161444,한국씨티은행,Citibank Korea Inc.,016830,
72632,00150244,하이트진로,HITE JINRO,000080,
72641,01174038,자비스,"XAVIS CO., Ltd.",254120,
72649,01095704,케이엠제약,"KMPHARMACEUTICAL Co.,Ltd.",225430,
72666,01206717,마이크로엔엑스,"Micro-NX Co., Ltd.",448780,
72692,00166528,서암기계공업,"SEOAM MACHINERY INDUSTRY CO., LTD",100660,
72693,00108977,대구백화점,"Daegu Department Store Co., Ltd",006370,
72718,00858124,알에스오토메이션,"RS AUTOMATION CO.,LTD.",140670,
72722,00255044,현대에이치티,"HYUNDAI HT CO,LTD.",039010,
72723,00148522,퍼스텍,"FIRSTEC CO.,LTD.",010820,
72737,00335076,오픈베이스,"Openbase, Inc.",049480,
72749,00134963,송원산업,"SONGWON INDUSTRIAL CO.,LTD",004430,
72764,00270113,멕아이씨에스,"MEKICS Co., Ltd",058110,
72846,01133217,카카오뱅크,KakaoBank Corp.,323410,
72903,00441650,케이씨에스,Korea Computer & Systems Inc.,115500,
72904,00129387,삼화페인트공업,"SAMHWA PAINT INDUSTRIAL CO.,LTD",000390,
72961,00127909,삼일,SamIl,032280,
72979,00243757,인포뱅크,InfoBankCorporation,039290,
72985,00478900,빅솔론,"BIXOLONCo.,Ltd",093190,
72986,01419986,신영해피투모로우제6호기업인수목적,Shinyoung HappyTomorrow No.6 Special Purpose Acquisition,344050,
73013,01028164,광주은행,"The Kwangju Bank, Ltd.",192530,
73015,00346966,에코솔루션,"ECO Solutions Co., Ltd.",052510,
73067,01418543,케이비제20호기업인수목적,KB No.20 Special Purpose Acquisition Company,342550,
73069,00148948,조비,"CHOBI CO.,LTD",001550,
73087,01405390,핌스,PIMS Inc.,347770,
73118,00553025,데이터스트림즈,Data Streams Corp.,199150,
73124,00124151,부산주공,"PUSAN CAST IRON CO.,LTD",005030,
73221,00157070,한국단자공업,"KOREA ELECTRIC TERMINAL CO.,LTD",025540,
73297,01146822,아이퀘스트,"IQUEST Co., Ltd.",262840,
73312,00965062,코셋,Coset Inc.,189350,
73324,01513440,파이버프로,"FIBERPRO, Inc.",368770,
73336,01014718,제노코,"Genohco, Inc",361390,
73352,00343127,자유투어,"Freedom Travel Co., Ltd.",046840,
73423,00870861,와이엠씨,"YMC Co., Ltd.",155650,
73436,01354740,브이씨,VC Inc.,365900,
73467,00189538,피델릭스,"Fidelix Co., Ltd.",032580,
73484,00231354,파워넷,POWERNET TECHNOLOGIES CORPORATION,037030,
73523,01032486,두산밥캣,Doosan Bobcat Inc.,241560,
73560,00491938,GH신소재,GH Advanced Materials Inc.,130500,
73577,01535150,SK리츠,"SK REIT Co., Ltd.",395400,
73619,01437432,디티앤씨알오,"DT&CRO CO., Ltd.",383930,
73639,00306719,에스텍,ESTec Corporation,069510,
73692,00178851,동양에스텍,"Dongyang S·TEC Co., Ltd.",060380,
73694,00407285,아이컴포넌트,"i-Components Co., Ltd",059100,
73695,00219440,휴맥스홀딩스,"Humax Holdings Co., Ltd",028080,
73757,00239596,쎄니트,"CENIT CO., LTD",037760,
73771,00133089,성원,"Sungwon Co.,Ltd.",015200,
73841,00117577,오리온홀딩스,ORION Holdings Corp.,001800,
73874,01504804,유안타제7호기업인수목적,Yuanta 7 SPECIAL PURPOSE ACQUISITION COMPANY,367460,
73875,00577335,대성하이텍,"Daesung Hi-Tech Co., Ltd.",129920,
73877,00113508,노루홀딩스,"NOROO HOLDINGS CO., LTD",000320,
73878,00153755,태양금속공업,"TAEYANG METAL INDUSTRIAL CO.,LTD",004100,
73882,00132804,성신양회,"SUNGSHIN CEMENT CO.,LTD.",004980,
73904,01222432,에스제이그룹,"SJ Group Co., Ltd.",306040,
73956,01437186,ESR켄달스퀘어리츠,"ESR Kendall Square REIT Co., Ltd.",365550,
73985,00862853,플레이디,"PlayD Co., Ltd.",237820,
74021,00157636,케이피에프,KPF,024880,
74028,00407975,엔터미디어,"ENTERMEDIA CO., LTD",068420,
74039,00174208,진성티이씨,JINSUNG T.E.C,036890,
74058,00659976,영화테크,"Younghwa Tech Co., Ltd.",265560,
74088,01160512,헝셩그룹,HENG SHENG HOLDING GROUP COMPANY LIMITED,900270,
74090,01020269,탈로스,"Talos Co., Ltd.",434190,
74091,00785475,원익피앤이,"WONIK PNE CO., LTD",131390,
74092,00255275,HB테크놀러지,"HB Technology CO.,LTD.",078150,
74113,00143262,우진아이엔에스,"WOOJIN I&S Co.,Ltd",010400,
74141,00160861,한농화성,HANNONG CHEMICALS INC,011500,
74142,00114093,덕성,"DCKSUNG CO.,LTD",004830,
74189,00181299,상아프론테크,"SANG-A  FRONTEC CO., LTD.",089980,
74222,01364747,가온칩스,"GAONCHIPS CO., LTD.",399720,
74263,00347442,모보,"MOBO CO.,LTD",051810,
74267,00415628,세진중공업,"SEJIN HEAVY INDUSTRIES CO., LTD.",075580,
74269,00173740,신한,"SHINHAN ENGINEERING & CONSTRUCTION CO.,LTD",005450,
74280,00654272,램테크놀러지,"RAM TECHNOLOGY CO., LTD.",171010,
74282,00373447,서린바이오,"SeouLinBioscienceCO.,LTD.",038070,
74283,00990165,아세아시멘트,"ASIA CEMENT CO.,LTD.",183190,
74285,00809517,아이엠텍,IM Tech Inc.,226350,
74286,00165680,호텔신라,"HOTEL SHILLA CO.,LTD",008770,
74314,00159342,한국정보통신,KoreaInformation&Communication,025770,
74321,00327819,선익시스템,"SUNIC SYSTEM Co., Ltd.",171090,
74328,00257732,한국정밀기계,"HNK MACHINE TOOL CO.,LTD.",101680,
74332,00793155,핸디소프트,"HANDYSOFT, Inc.",220180,
74376,00176516,금화피에스시,"GEUMHWA PSC CO.,LTD.",036190,
74392,00684714,풍산,POONGSAN CORPORATION,103140,
74395,00126371,삼성전기,"SAMSUNG ELECTRO-MECHANICS CO.,LTD",009150,
74398,00148993,하이트진로홀딩스,"HITEJINRO HOLDINGS CO., LTD",000140,
74399,00565154,이노션,INNOCEAN WORLDWIDE INC.,214320,
74431,01686755,파인엠텍,"Fine M-Tec Co.,Ltd.",441270,
74478,00141282,에이치디씨영창,"HDC YOUNGCHANG CO., LTD.",001890,
74484,00593032,LF,LF Corp.,093050,
74486,00133511,SG세계물산,SG CORPORATION,004060,
74487,00414601,유니퀘스트,UNIQUEST COPORATION,077500,
74488,00199988,동아화성,"DONG-A HWA SUNG CO.,LTD",041930,
74493,00416654,유엔젤,UANGEL CORPORATION,072130,
74526,01208885,경동도시가스,"KYUNGDONG CITY GAS CO.,LTD",267290,
74529,00102140,경인전자,"KYUNGIN ELECTRONICS CO.,LTD",009140,
74531,00171867,에스씨디,"SCD CO.,LTD.",042110,
74532,00230425,나노엔텍,"NanoenTek,Inc.",039860,
74533,00287788,정상제이엘에스,"JLS CO.,LTD.",040420,
74570,01117246,EMB,"EMB CO.,LTD.",278990,
74576,01047840,미스터블루,Mr. Blue Corporation,207760,
74577,01246742,테크트랜스,"Tech Trans co., Ltd",258050,
74578,01419135,이노진,"INNOGENE Co., Ltd.",344860,
74598,00587457,갤럭시아머니트리,"GalaxiaMoneytree Co.,Ltd.",094480,
74643,00124276,부스타,"BOOSTER CO., LTD.",008470,
74658,00328191,케이에스피,"KSPCO.,LTD",073010,
74662,00155151,피에이치에이,"PHA Co., Ltd.",043370,
74667,00143527,경동인베스트,"KYUNGDONG INVEST CO., LTD.",012320,
74696,00611286,블루탑,"BLUETOP CO.,LTD.",191600,
74699,00138446,아가방컴퍼니,AGABANG&COMPANY,013990,
74700,00296263,YW,YW COMPANY LIMITED,051390,
74701,00269612,파워로직스,POWER LOGICS,047310,
74752,00350482,성우테크론,SUNGWOO TECHRON COMPANY,045300,
74753,00256715,국순당,"KOOK SOON DANG CO.,LTD",043650,
74756,00127936,삼일기업공사,"SAMIL ENTERPRISE CO., LTD.",002290,
74758,00154055,태원물산,"TAEWONMULSAN CO.,LTD",001420,
74759,00447928,네오티스,"NEOTECHNICALSYSTEMCO.,LTD",085910,
74813,00144164,SK가스,SK GAS LTD,018670,
74834,01214743,더네이쳐홀딩스,"THE NATURE HOLDINGS CO., LTD",298540,
74854,00159564,한국주강,"HANKOOK STEEL CO.,LTD",025890,
74878,00759294,와이솔,"WiSoL Co.,LTD.",122990,
74879,00112165,디아이씨,DAE-IL Corporation,092200,
74911,00445799,서원인텍,"SEOWONINTECH.CO.,LTD",093920,
74946,01316227,효성티앤씨,Hyosung TNC Corporation,298020,
74948,00222532,LG헬로비전,LG HelloVision Corp.,037560,
74950,01478712,대덕전자,"DAEDUCK ELECTRONICS CO.,LTD",353200,
74952,01656374,신영스팩8호,Shinyoung HappyTomorrow No.8 Special Purpose Acquisition,430220,
74954,00143314,에이엔피,AUTOMOBILE & PCB,015260,
74955,00138701,아세아,"ASIA HOLDINGS CO.,LTD",002030,
74956,00364306,성우전자,"SUNGWOOELECTRONICSCO.,LTD.",081580,
74960,00244783,한네트,"HANNET CO., LTD.",052600,
74964,00112022,대원화성,"DAEWON CHEMICAL CO.,LTD",024890,
74972,00298270,안랩,"AHNLAB,INC.",053800,
75013,01396931,유엑스엔,"UXN Co., Ltd.",337840,
75014,00152783,코메론,KOMELON CORPORATION,049430,
75015,00302926,현대로템,Hyundai-Rotem Co.,064350,
75064,00167280,폴루스바이오팜,POLUS BioPharm Inc.,007630,
75120,00105299,금강공업,"KUMKANG KIND CO.,LTD",014280,
75121,00110893,대신증권,"DAISHIN SECURITIES CO.,LTD",003540,
75208,01316236,효성화학,Hyosung Chemical Corporation,298000,
75223,00623661,원익머트리얼즈,"WONIK Materials Co.,Ltd.",104830,
75224,00159102,DB손해보험,"DB INSURANCE CO.,LTD",005830,
75226,01076550,주노콜렉션,"JUNO COLLECTION CO.,LTD",221670,
75264,00226866,인탑스,"INTOPS CO., LTD.",049070,
75265,00122898,벽산,BYUKSAN CORPORATION,007210,
75267,01101041,패션플랫폼,"Fashion Platform Co.,Ltd.",225590,
75279,00132488,신세계톰보이,SHINSEGAE TOMBOY,012580,
75299,01327092,라닉스,RANIX INC.,317120,
75321,00365758,아이앤씨,"I&C Technology Co., Ltd.",052860,
75324,00808022,메지온,"Mezzion Pharma Co., Ltd.",140410,
75335,00626710,한국월드와이드베트남부동산개발특별자산1호투자회사,Vietnam Real Estate Development Fund1,096300,
75376,00939331,한국콜마,"KOLMAR KOREA CO.,LTD",161890,
75378,00301422,우수AMS,"WOOSU AMS CO., LTD.",066590,
75489,00210980,원익,"WonIk Co.,LTD",032940,
75490,00296005,우리로,"WOORIRO CO., LTD",046970,
75492,01077577,우리산업,"WOORY INDUSTRIAL CO.,LTD.",215360,
75493,00231372,롯데관광개발,"LOTTE TOUR DEVELOPMENT CO.,LTD",032350,
75498,00221728,하츠,HAATZ Inc.,066130,
75499,00761952,아나패스,"Anapass, Inc.",123860,
75515,00129271,삼화전기,"SAMWHA ELECTRIC CO.,LTD",009470,
75522,00164812,현대코퍼레이션,HYUNDAI CORPORATION,011760,
75545,00188797,포메탈,"FORMETAL CO., LTD",119500,
75605,01416457,하나금융15호기업인수목적,Hana Financial Fifteenth Special Purpose Acquisition Company,341160,
75608,00526696,웨이브일렉트로,"WaveElectronicsCo.,Ltd.",095270,
75640,01069736,한독크린텍,"Handok Clean Tech Co., Ltd.",256150,
75659,00660033,씨엔플러스,"CNPLUS Co., Ltd.",115530,
75705,01070857,켐온,CHEMON Inc.,217600,
75706,00540340,코리아센터,"Koreacenter Co.,Ltd.",290510,
75784,01116380,씨앤에스링크,"CNSLINK Co., Ltd",245450,
75815,00172291,더존비즈온,"DOUZONE BIZON CO.,LTD",012510,
75875,00374020,이엘피,ELP Corp.,063760,
75878,01139965,스튜디오미르,"Studio Mir Co., LTD.",408900,
75900,00462121,이노와이어리스,"InnoWirelessCo.,Ltd.",073490,
75902,00616290,이엠넷,EMNET INC.,123570,
75904,00300548,현대리바트,HYUNDAI LIVART FURNITURE COMPANY LIMITED,079430,
75949,01109955,링크제니시스,"Linkgenesis Co., Ltd.",219420,
75957,01571107,오픈엣지테크놀로지,"Openedges Technology, Inc.",394280,
76019,00188089,한섬,HANDSOME CORPORATION,020000,
76020,00106368,금호석유화학,"KUMHO PETRO CHEMICAL CO.,LTD",011780,
76073,00264228,위즈코프,"WIZ CORP, Inc.",038620,
76076,00843900,육일씨엔에쓰,"RYUK-IL C&S., Ltd.",191410,
76077,00149026,CS홀딩스,"CS Holdings Co.,Ltd.",000590,
76078,00256380,유아이엘,"UIL Co.,Ltd",049520,
76079,00167004,흥구석유,HeunguOil,024060,
76097,01199189,이랜시스,"Elensys Co.,Ltd.",264850,
76098,00302120,피앤텔,PEOPLE & TELECOMMUNICATION INC.,054340,
76130,00112721,대창스틸,"DaeChang Steel CO., LTD.",140520,
76131,00624998,제닉,"Genic Co.,Ltd",123330,
76132,00123781,부국철강,Bookook Steel,026940,
76133,00604815,에스디시스템,"SD system  Co., Ltd",121890,
76135,00454946,그린케미칼,"GREEN CHEMICAL CO.,LTD.",083420,
76151,00155498,풍림산업,"POONGLIM INDUSTRIAL CO.,LTD",001310,
76240,00309831,알에프텍,"RFTECH CO., LTD",061040,
76258,00366942,미코,MiCo Ltd.,059090,
76264,00261285,한국가스공사,KoreaGasCorporation,036460,
76265,01291317,더블유씨피,"W-SCOPE CHUNGJU PLANT Co., Ltd.",393890,
76280,01011562,우성아이비,"WOOSUNG  I.B.CO., LTD.",194610,
76284,01336443,디와이씨,"DYC CO.,LTD.",310870,
76298,00961774,유티아이,UTI INC.,179900,
76316,00154718,비츠로셀,"VITZROCELL Co.,Ltd.",082920,
76318,00350020,파인디앤씨,"FINE DNC CO.,LTD.",049120,
76319,00117382,디와이홀딩스,"DYHOLDINGS Co., Ltd.",004510,
76320,00125646,삼목에스폼,"SAMMOK S-FORM CO.,LTD.",018310,
76321,00131692,서흥,"SUHEUNG CO.,LTD.",008490,
76322,00122737,팬오션,"Pan Ocean Co., Ltd.",028670,
76375,00422284,메가스터디,"MegaStudyCo.,Ltd.",072870,
76376,00107677,비비안,VIVIEN CORPORATION,002070,
76377,00234227,유진로봇,"Yujin Robot Co., Ltd.",056080,
76380,00145668,이화공영,EehwaConstruction,001840,
76418,00527464,에이치시티,"HCT CO., LTD.",072990,
76465,00249982,솔본,"SOLBORN, Inc.",035610,
76478,00110608,DSR,DSR CORP,155660,
76555,00526836,미래나노텍,"MNTECHCo.,Ltd.",095500,
76566,01325429,네온테크,"Neontech Co., Ltd.",306620,
76568,01059605,디와이파워,DY POWER Corporation,210540,
76623,00131328,두함지개발,"Seojoo Industrial Development Co.,Ltd.",016140,
76625,00540429,휴림로봇,"Hyulim ROBOT Co.,Ltd.",090710,
76714,00398808,디지털대성,"Digital Daesung Co., Ltd.",068930,
76736,00124577,엠소닉,EMSONIC CORPORATION,008120,
76781,00128175,원익큐브,WONIK CUBE Corp.,014190,
76795,01344752,케어룸의료산업,"KAREROOM MEDICAL EQUIPMENT CO.,LTD.",327970,
76806,00163345,DB,DB Inc.,012030,
76813,00252001,해원에스티,"HAE WON STEELTECH.CO.,LTD",058480,
76861,00161709,퍼시스,FURSYS INC,016800,
76862,00265005,옴니시스템,"OmnisystemCo.,Ltd",057540,
76864,00626011,아이텍,"ITEK, Inc.",119830,
76865,00348034,액토즈소프트,"ACTOZ SOFT CO., LTD.",052790,
76941,00832700,에이펙스인텍,"APEX INTEC Co.,LTD.",207490,
76996,01261644,레인보우로보틱스,Rainbow Robotics,277810,
77019,00761059,펌텍코리아,"PUM-TECH KOREA CO., LTD.",251970,
77060,00622787,바이오노트,"BioNote, Inc.",377740,
77077,00676122,지디,"Global Display Co., Ltd.",155960,
77104,00136402,신송홀딩스,SINGSONGHOLDINGS,006880,
77114,01436336,이베스트기업인수목적5호,Ebest Special Purpose Acquisition No5 Company,349720,
77283,00155452,풍국주정,"Pungguk Ethanol Co.,Ltd.",023900,
77312,01021666,덕산테코피아,"Duksan Techopia Co., Ltd.",317330,
77335,00133335,성창기업지주,Sungchang Enterprise Holdings Limited.,000180,
77430,00123648,심팩인더스트리,"SIMPACINDUSTRIES CO., LTD",005350,
77431,00369833,유니온머티리얼,Union Materials Corp.,047400,
77568,00131054,유진증권,"EUGENE INVESTMENT & SECURITIES CO., LTD",001200,
77646,00982023,실리콘투,"SILICON 2 Co.,Ltd.",257720,
77667,00151368,인터지스,"INTERGIS CO., LTD",129260,
77670,00185356,제룡전기,"CHERYONG ELECTRIC CO.,LTD.",033100,
77678,00925967,이엠티,"Energy Material Technology Co., Ltd.",232530,
77732,00159698,지역난방공사,KOREA DISTRICT HEATING CORPORATION,071320,
77733,00128555,삼천리,"SAMCHULLY CO.,LTD",004690,
77847,00112679,대창단조,"DAECHANG FORGING CO.,LTD",015230,
77878,00131896,선광,"SUN KWANG Co.,Ltd",003100,
77905,01113949,퓨전,"Fusion Co.,Ltd",195440,
77962,01042650,큐리언트,"Qurient Co., Ltd.",115180,
77963,00359076,브리지텍,BRIDGETECCorp.,064480,
77964,00439965,나노신소재,"Advanced Nano Products Co., Ltd.",121600,
78041,01487446,씨엔알리서치,C&R Research Inc.,359090,
78063,00160205,한국내화,"KOREA REFRACTORIES CO.,LTD",010040,
78092,00628860,네오위즈,NEOWIZ,095660,
78123,00576789,디젠스,"Dgenx Co., Ltd.",113810,
78124,00360674,코위버,"COWEAVER Co.,Ltd.",056360,
78125,00133557,PN풍년,"PNPOONGNYUN CO.,LTD",024940,
78238,01073678,얼라인드,"Aligned Genetics, Inc.",238120,
78247,00268011,일레덱스홀딩스,"ELEDEX HOLDINGS CO.,LTD",033550,
78296,00129280,삼화전자공업,"SAMWHA ELECTRONICS CO.,LTD",011230,
78306,00141608,오리엔탈정공,"ORIENTAL PRECISION & ENGINEERING CO.,LTD.",014940,
78336,00130046,다함이텍,"DAHAAM e-TEC CO., LTD",009280,
78348,00404288,아진엑스텍,"AJINEXTEK Co., Ltd.",059120,
78349,00135467,승일,SEUNG IL Corporation,049830,
78403,01365825,피에스케이,PSK INC.,319660,
78544,00225159,SNT홀딩스,"SNT Holdings CO.,LTD ",036530,
78581,00260383,대한유화,"KOREA PETRO CHEMICAL IND CO.,LTD",006650,
78598,01301252,티이엠씨,"TEMC Co., Ltd.",425040,
78622,00579971,칩스앤미디어,"Chips&Media, Inc.",094360,
78631,01063556,질경이,"JILGYUNGYI CO.,LTD.",233990,
78632,00364847,이글루,IGLOO Corporation,067920,
78635,00883980,아이디스,"INTELLIGENT DIGITAL INTEGRATED SECURITY CO., LTD.",143160,
78636,00106395,금호전기,"KUMHO ELECTRIC CO.,LTD",001210,
78639,00104999,윌비스,"THE WILLBES & CO.,LTD",008600,
78665,00604426,인터로조,INTEROJO CO. LTD.,119610,
78690,00491053,진바이오텍,"GeneBioTechCo.,Ltd.",086060,
78707,01102095,쿠첸,"Cuchen Co., Ltd.",225650,
78766,00121543,무학,Muhak,033920,
78797,00359580,아이디스홀딩스,"IDIS Holdings Co., Ltd",054800,
78821,00145109,유한양행,YUHAN CORPORATION,000100,
78859,00363927,NE능률,"NE Neungyule, Inc.",053290,
78860,00201131,아즈텍WB,AZTECH WB CO. LTD,032080,
78861,00925189,신화콘텍,"Shin Hwa Contech Co.,Ltd.",187270,
78876,00148504,한국스탠다드차타드은행,Standard Chartered Bank Korea Ltd,000110,
78916,00132628,성문전자,"SUNGMOON ELECTRONICS CO.,LTD",014910,
78918,00397058,엠게임,MGAME CORP.,058630,
78947,00989619,알테오젠,Alteogen Inc.,196170,
78974,01119651,엘리비젼,"Elivision Co., Ltd.",276240,
78975,00866062,엘티씨,"LTC CO.,LTD.",170920,
79009,00305297,코텍,KORTEK CORPORATION,052330,
79014,00413523,한미글로벌,"HanmiGlobal Co., Ltd.",053690,
79082,00185222,크린앤사이언스,"Clean & Science Co., Ltd",045520,
79083,01115044,안지오랩,"AngioLab, Inc.",251280,
79084,00142883,우신시스템,"WOOSHIN SYSTEMS CO.,LTD",017370,
79088,00268118,코맥스,"COMMAX Co., Ltd.",036690,
79119,01188749,지앤이헬스케어,"G&E Healthcare Co., Ltd.",299480,
79124,00161781,아난티,Ananti Inc.,025980,
79139,00632845,노랑풍선,"Yellow Balloon Tour Co., Ltd.",104620,
79140,00612188,에스티오,"STO Co., Ltd.",098660,
79191,00980122,JB금융지주,"JB FINANCIAL GROUP CO.,LTD",175330,
79319,01505186,하이딥,HiDeep Inc.,365590,
79320,00137012,에스앤더블류,S&W Corporation,103230,
79321,00273110,에스티큐브,STCUBE,052020,
79322,00118275,디아이,DI CORPORATION,003160,
79323,00235183,에이치케이,"HK CO., LTD.",044780,
79324,00807397,코이즈,"KOYJ. CO.,LTD",121850,
79382,00115384,동방아그로,DONGBANG AGRO CORP,007590,
79386,00352718,소리바다,SORIBADA INC.,053110,
79425,00133876,세보엠이씨,SEBO MANUFACTURING ENGINEERING CORPORATION,011560,
79491,00668600,케이옥션,K Auction Inc.,102370,
79502,00404701,한국자산신탁,"KOREA ASSET IN TRUST Co., Ltd",123890,
79503,00500254,GS,GS Holdings,078930,
79504,00113359,교보증권,"KYOBO SECURITIES CO.,LTD.",030610,
79556,00347062,현대바이오랜드,"HYUNDAI BIOLAND Co.,Ltd.",052260,
79559,00264732,파인디지털,FINEDIGITAL Inc.,038950,
79560,00352499,링네트,"RingNet Co., Ltd.",042500,
79601,00879020,유니트론텍,"Unitrontech Co., Ltd.",142210,
79638,00295547,디지아이,Digital Graphics Incorporation,043360,
79640,00186717,태양,TAEYANG Corporation,053620,
79642,00177816,대주전자재료,"DaejooElectronicMaterialsCo.,Ltd.",078600,
79643,00351807,대원미디어,"DAEWON MEDIA CO.,LTD.",048910,
79698,00148461,제일연마,"CHEIL GRINDING WHEEL IND CO.,LTD",001560,
79699,00669450,바이오프로테크,BIO PROTECH INC.,199290,
79710,00147082,재영솔루텍,"JAEYOUNG SOLUTEC CO.,LTD.",049630,
79819,00298377,아이씨디,"ICD Co.,Ltd",040910,
79841,00963976,SG,"SG CO., LTD.",255220,
79845,01326224,원바이오젠,"Wonbiogen Co.,Ltd.",307280,
79857,01391033,NH프라임리츠,"NH Prime REIT Co., Ltd.",338100,
79864,00177199,디씨엠,DCM CORP,024090,
79866,00109587,대륙제관,DaeryukCan,004780,
79867,00161976,한세예스24홀딩스,"HANSAE YES24 HOLDINGS CO., LTD ",016450,
79868,01196313,유에스티,"UST CO., LTD.",263770,
79912,00447502,바이오톡스텍,"BiotoxtechCo.,Ltd.",086040,
79916,00149770,중앙에너비스,"Joong Ang Enervis Co.,Ltd.",000440,
79964,00261009,감성코퍼레이션,"GAMSUNG Corporation Co., Ltd.",036620,
79965,01583953,티엘엔지니어링,"TL Engineering  Co., Ltd.",413300,
79978,00166315,화신,"HWASHIN CO.,LTD",010690,
80018,00493185,제이스텍,"JASTECH, Ltd.",090470,
80030,00555740,툴코리아,"TOOL-KOREA CO., LTD.",110660,
80054,00117629,동양철관,"DONGYANG STEEL PIPE CO.,LTD",008970,
80080,00188715,현진소재,"HYUNJIN MATERIALS CO., LTD.",053660,
80121,00435312,하이스틸,"HISTEEL CO., LTD",071090,
80167,00916826,드림씨아이에스,DreamCIS INC.,223250,
80191,01187494,덴티스,"DENTIS CO.,LTD",261200,
80203,01388631,오션스톤,"Ocean Stone Corp,.",329020,
80243,01507722,켈스,CALTH. Inc,402420,
80265,00246417,이오테크닉스,"EO Technics CO.,LTD",039030,
80310,00555874,제주항공,"JEJUAIR, CO., LTD.",089590,
80313,01117413,바이오다인,"BIODYNE CO., LTD.",314930,
80330,00406727,세진티에스,"SEJIN T.S CO., LTD.",067770,
80340,00120021,LG,LG Corp.,003550,
80341,00201788,제낙스,JENAX Inc.,065620,
80342,00447982,에스지피엠,SGPM. Inc.,074000,
80343,00432102,한국금융지주,"Korea Investment Holdings Co., Ltd",071050,
80344,00231664,우리기술투자,"Woori Technology Investment Co., Ltd",041190,
80347,00113526,대한항공,"KOREAN AIR LINES CO.,LTD",003490,
80348,00115065,동남합성,"DONGNAMCHEMICALCO.,LTE.",023450,
80367,00921916,석경에이티,"Sukgyung AT Co., Ltd.",357550,
80398,00162832,한일단조,HanilForgingIndustrial,024740,
80404,00266934,파루,"PARU CO., LTD.",043200,
80415,00369657,리노공업,LEENO Industrial Inc,058470,
80429,00351092,삼보모터스,"SAMBO MOTORS CO., LTD.",053700,
80464,00563518,비나텍,"VINA TECH CO.,LTD",126340,
80525,00155692,우리엔터프라이즈,"WOOREE ENTERPRISE CO.,LTD",037400,
80526,00170558,코웨이,"COWAY Co., Ltd.",021240,
80527,00269940,하나투어,HANATOUR SERVICE INC.,039130,
80528,00360577,엑사이엔씨,"EXA E&C, Inc",054940,
80548,00129989,코스모신소재,"COSMO ADVANCED MATERIALS & TECHNOLOGY CO., LTD",005070,
80623,00204262,한글과컴퓨터,HANCOM INC.,030520,
80631,00357430,쎌바이오텍,"CELL BIOTECH CO ., LTD",049960,
80632,00139719,와이지-원,"YG-1 CO.,LTD",019210,
80633,00238153,파세코,PASECO CO.LTD,037070,
80666,00258421,기산텔레콤,"Kisan Telecom CO., Ltd.",035460,
80757,00356361,LG화학,LG CHEM LTD,051910,
80844,00410915,서울옥션,SeoulAuctionCo.Ltd..,063170,
80847,00641393,엔시트론,"N CITRON, INC.",101400,
80946,01576102,미래에셋글로벌리츠,"Mirae Asset Global REIT Co., Ltd.",396690,
80970,01062867,디알텍,DRTECH Corporation,214680,
80995,00806972,매직마이크로,"MAGICMICRO CO.,LTD",127160,
81025,00359623,우리산업홀딩스,"WOORY INDUSTRIAL HOLDINGS CO.,LTD.",072470,
81026,00614089,에이원알폼,"A ONE ALFORM CO., LTD.",234070,
81027,00242712,엘컴텍,"ELCOMTEC CO.,LTD",037950,
81028,00240857,바이오스마트,"BioSmart Co., Ltd.",038460,
81059,00306162,상상인,"Sangsangin Co., Ltd.",038540,
81096,00203209,에쎈테크,"ESSEN TECH CO.,LTD.",043340,
81144,00161462,에이티넘인베스트,"Atinum Investment Co., Ltd",021080,
81184,00106641,기아,KIA CORPORATION,000270,
81185,00152880,코오롱글로벌,"KolonGlobalCorporation CO.,LTD",003070,
81186,00138260,SIMPAC,SIMPACInc,009160,
81193,00485177,일진파워,"ILJIN POWER CO., LTD.",094820,
81217,00261355,레드캡투어,"RedcapTour Co., Ltd.",038390,
81354,00164724,현대엘리베이터,"HYUNDAI ELEVATOR CO.,LTD",017800,
81369,00423177,텔레칩스,TelechipsInc.,054450,
81409,01418260,폭스소프트,"foxSoft Co., Ltd.",354230,
81450,00231442,디지틀조선,DigitalChosun,033130,
81468,01013311,헥토이노베이션,"Hecto Innovation Co., Ltd.",214180,
81475,00249247,YG PLUS,"YG PLUS, INC.",037270,
81506,01035368,티에프이,"TFE Co., Ltd.",425420,
81522,00961570,신도기연,"Shindo Eng. Lab., Ltd.",290520,
81541,00148364,하림지주,"Harim Holdings Co., Ltd.",003380,
81590,00128315,삼지전자,"SAMJI ELECTRONICS CO., LTD.",037460,
81613,00379229,에스에이티,SystemandApplicationTechnologiesInc.,060540,
81621,01428249,케이프이에스제4호기업인수목적,CAPE-ES No.4 Special Purpose Acquisition Company,347140,
81622,00923899,참존글로벌,"Charmzone Global Co., Ltd.",158310,
81623,00159616,두산에너빌리티,"DOOSAN ENERBILITY CO., LTD.",034020,
81684,00997812,코미코,KoMiCo Ltd.,183300,
81723,00695969,동운아나텍,"DONGWOON ANATECH CO.,LTD.",094170,
81724,00139764,에넥스,"ENEX CO.,LTD",011090,
81725,00537832,푸른기술,PULOONTECHNOLOGYINC.,094940,
81726,00140955,한솔케미칼,"Hansol Chemical Co., Ltd",014680,
81744,00334624,팍스넷,"PAXNet, Inc.",038160,
81762,01051065,엔비티,NBT INC.,236810,
81783,00128926,삼현철강,"SAMHYUN STEEL Co., Ltd",017480,
81821,00612489,아이쓰리시스템,i3system Inc.,214430,
81886,00140052,에이스침대,AceBed,003800,
81902,00367455,현우산업,"HYUNWOOINDUSTRIALCO.,LTD",092300,
81920,00673301,전우정밀,"JEONWOO PRECISION Co.,Ltd.",120780,
81921,01345724,타임기술,TIME Technical Support. ltd,318660,
81927,00165361,휴코드홀딩스,"Hucord Co., Ltd.",036840,
81940,00105606,금호에이치티,"Kumho HT, Inc.",214330,
81941,00133618,세기상사,"THE CENTURY CO.,LTD",002420,
81970,01142075,핑거,Finger Inc.,163730,
81995,00201742,유라테크,"YURA TECH. CO., LTD.",048430,
82002,00359261,빛샘전자,"VISSEM Electronics Co., Ltd.",072950,
82089,00133812,세방,"SEBANG CO., LTD",004360,
82130,00666064,셀바스AI,SELVAS AI Inc.,108860,
82163,00608839,에이루트,"Aroot Co., Ltd.",096690,
82164,01018802,엔솔바이오사이언스,Ensol Biosciences Inc.,140610,
82165,00540571,엘디티,LDTInc.,096870,
82166,00202839,한창산업,"HanchangIndustryCo.,Ltd.",079170,
82167,00367871,인바이오,"ENBIOCO., LTD.",352940,
82168,01051092,피씨엘,PCL. Inc,241820,
82169,00123772,부국증권,"BOOKOOK SECURITIES CO.,LTD",001270,
82264,00400060,이씨에스,"ECSTELECOMCo.,Ltd.",067010,
82287,00158112,한국수출포장공업,"KOREA EXPORT PACKAGING INDUSTRIAL CO.,LTD",002200,
82367,01397620,루닛,Lunit Inc.,328130,
82380,00599106,네오리진,"NEORIGIN Co., Ltd.",094860,
82381,00139083,아진산업,"A-JIN INDUSTRY CO.,LTD",013310,
82382,00163196,한일철강,"HANIL IRON & STEEL CO.,LTD",002220,
82392,00108135,녹십자홀딩스,Green Cross Holdings,005250,
82426,00109718,사조대림,SAJODAERIM CORPORATION,003960,
82432,00994994,나노,"NANO. Co., Ltd.",187790,
82489,00201733,TJ미디어,"TJ MEDIA CO.,LTD",032540,
82533,00100939,강남제비스코,"KANGNAM JEVISCO CO.,LTD",000860,
82553,01047451,셀바스헬스케어,"SELVAS Healthcare, Inc.",208370,
82592,01179617,한국비엔씨,"BNC Korea Co, Ltd",256840,
82601,00569646,영우디에스피,"YoungWoo DSP Co.,Ltd.",143540,
82608,00423690,삼성출판사,"SAMSUNG PUBLISHING CO.,LTD",068290,
82609,00152260,카스,Cas,016920,
82612,00398668,휴비츠,"Huvitz Co., Ltd.",065510,
82666,00533924,이브이첨단소재,"EV ADVANCED MATERIAL CO., LTD.",131400,
82672,00531078,유비온,UBION CO.LTD.,084440,
82677,00694942,이미지스,"IMAGIS Co., Ltd.",115610,
82728,00340272,에스폴리텍,"S POLYTECH CO.,LTD.",050760,
82875,01067516,골프존,"GOLFZON Co., Ltd.",215000,
82897,00867849,오파스넷,"OPASNET co., Ltd.",173130,
82903,00152039,SG글로벌,"SG GLOBAL CO., LTD",001380,
82904,00587466,KPX홀딩스,"KPX HOLDINGS CO., LTD.",092230,
82907,01158553,켄코아에어로스페이스,Kencoa Aerospace Corporation,274090,
82909,00141413,영화금속,"YEONGHWA METAL CO.,LTD",012280,
82916,00684732,풀무원식품,"Pulmuone Foods Co., Ltd.",103160,
82950,00535375,키네마스터,KineMaster Corporation,139670,
82971,00993931,동양파일,TONGYANG PILE Inc.,228340,
82974,00115287,동방,"DONGBANG TRANSPORT & LOGISTICS CO.,LTD",004140,
82975,01128613,화승엔터프라이즈,"HWASEUNG ENTERPRISE CO.,LTD",241590,
83064,00102760,두산건설,"Doosan Engineering & Construction Co.,Ltd.",011160,
83166,00796994,조선선재,"CHOSUN WELDING POHANG Co., Ltd",120030,
83213,01514519,유진기업인수목적6호,"EUGENE SPECIAL PURPOSE ACQUISITION 6 COMPANY Co., Ltd.",373340,
83266,00353878,다스코,"Development  Advance Solution Co., Ltd.",058730,
83287,00957735,클리오,"CLIO Cosmetics Co., Ltd",237880,
83321,01724417,하나29호스팩,Hana Twenty-nine Special Purpose Acquisition Company,454640,
83350,00412348,LB세미콘,"LB SEMICON, INC.",061970,
83374,00654175,피엠티,Protec Mems Technology Inc.,147760,
83394,00760971,크래프톤,"KRAFTON, Inc.",259960,
83433,00599489,청광건설,"CHUNGKWANG CONSTRUCTION CO., LtD.",140290,
83497,00819073,인크로스,"Incross Co.,Ltd.",216050,
83500,00122579,BYC,"BYC CO.,LTD",001460,
83501,00959210,코츠테크놀로지,"COTS Technology Co., Ltd.",448710,
83502,01343735,데이드림엔터테인먼트,"Daydream Entertainment Co., Ltd.",348840,
83583,00519252,THE E&M,"THE E&M Co., Ltd.",089230,
83601,01367586,제이아이테크,"JI-TECH Co., Ltd.",417500,
83606,01165739,잉글우드랩,"Englewood Lab, Inc.",950140,
83617,01573381,레이저쎌,Laserssel Co. Ltd.,412350,
83654,00815369,에스제이엠,"SJM CO.,LTD",123700,
83692,01724338,하나28호스팩,Hana 28 Special Purpose Acquisition Company,454750,
83704,00301246,SFA반도체,"SFA Semicon Co., Ltd",036540,
83769,01099861,에이텍모빌리티,"ATEC MOBILITY Co., Ltd",224110,
83856,00156354,지엠비코리아,GMB Korea Corp.,013870,
83874,00551920,네오팜,"NeopharmCO.,LTD.",092730,
83877,01488320,필에너지,"PHILENERGY CO., LTD.",378340,
83878,00197759,미래산업,MIRAE CORPORATION,025560,
83879,00400857,에이블씨엔씨,ABLE C&C,078520,
83880,00194947,한전산업,"Korea Electronic Power Industrial Development Co., Ltd",130660,
83881,01744703,SK증권제10호스팩,SK Securities No.10 Special Purpose Acquisition Company,457940,
83921,01712616,엔에이치스팩29호,NH SPECIAL PURPOSE ACQUISITION 29 COMPANY,451700,
83922,01724709,KB제25호스팩,KB No.25 Special Purpose Acquisition Company,455250,
83934,01026616,유투바이오,"U2BIO CO., LTD.",221800,
83940,01591606,아이비케이에스제17호기업인수목적,IBKS No. 17 Special Purpose Acquisition  Company,405350,
83943,00108612,DS단석,"DS DANSUK CO., LTD.",017860,
83944,01791321,하나30호스팩,Hana 30 Special Purpose Acquisition Company,469880,
83945,01528530,삼성기업인수목적4호,SAMSUNG SPECIAL PURPOSE ACQUISITION 4 COMPANY,377630,
83946,01032404,콜마비앤에이치,"KolmarBNH Co., Ltd",200130,
83976,00149293,신한은행,SHINHAN BANK,000010,
84070,00606664,케이엔더블유,"KNW Co., Ltd.",105330,
84110,01676989,케이비제23호기업인수목적,KB No.23 Special Purpose Acquisition Company,440200,
84111,01305869,세니젠,"SANIGEN Co., Ltd.",188260,
84112,01785551,KB제27호스팩,KB No.27 Special Purpose Acquisition Company,464680,
84117,00561723,쏘닉스,SAWNICS INC.,088280,
84134,00112819,데코앤에프,"DECO&F CO.,LTD.",017680,
84135,01447217,에이치엠씨아이비제4호기업인수목적,HMCIB No.4 Special Purpose Acquisition Company,353070,
84147,00299358,트레스,"TRES Co., Ltd.",102210,
84241,01683387,미래에셋드림스팩1호,Mirae Asset Dream Special Purpose Acquisition 1 Company,442900,
84242,00134477,SNT다이내믹스,"SNT DYNAMICS CO.,Ltd",003570,
84269,00138279,S-Oil,S-Oil Corporation,010950,
84270,00160418,한국무브넥스,"KOREA MOVENEX CO., LTD.",010100,
84323,01568875,하나금융19호기업인수목적,Hana Financial Nineteen Special Purpose Acquisition Company,388220,
84324,01146220,팸텍,"PAMTEK CO., LTD.",271830,
84325,00145552,이수화학,"ISU CHEMICAL CO.,LTD",005950,
84329,00304076,케이엔솔,"K-ENSOL CO., LTD.",053080,
84334,00167031,흥국,"HEUNGKUK METALTECH CO.,LTD.",010240,
84344,00449379,도이치모터스,DEUTSCH MOTORS INC.,067990,
84348,00116949,DN오토모티브,DN AUTOMOTIVE CORPORATION,007340,
84349,00239514,삼진엘앤디,SAMJIN LND COMPANY LIMITED,054090,
84350,00269241,주연테크,"JOOYONTECH CO.,LTD.",044380,
84351,01163050,다이오진,"DIOGENE CO., LTD",271850,
84413,01259418,대보마그네틱,"DAEBO MAGNETIC CO.,LTD.",290670,
84420,00580056,스맥,"SMEC CO.,LTD",099440,
84535,00206084,세아메탈,SEAH METAL. Co. LTD,033020,
84594,00619640,에코앤드림,"Eco&Dream Co., Ltd.",101360,
84624,00302582,캐스텍코리아,"CASTEC KOREA CO.,LTD",071850,
84657,00770312,마니커에프앤지,Maniker F&G,195500,
84715,00220613,넥스틸,"NEXTEEL CO.,LTD.",092790,
84752,01082418,SAMG엔터,"SAMG ENTERTAINMENT CO.,LTD",419530,
84837,00302236,태양3C,"3C TAE YANG CO., LTD.",052960,
84853,01328639,윙입푸드,WING YIP FOOD HOLDINGS GROUP LIMITED,900340,
84862,00191287,대동금속,DaedongMetal,020400,
84901,01144028,씨티케이,"CTK Co., Ltd",260930,
84929,00176914,다우기술,DAOU TECHNOLOGY INC,023590,
84983,01195828,대원모방,"DAEWON WOOL TEXTILE Co., Ltd.",311840,
85044,01580178,대신밸런스제11호기업인수목적,Daishin Balance No.11 Special Purpose Acquisition Company,397500,
85068,01504910,유안타제8호기업인수목적,Yuanta 8 SPECIAL PURPOSE ACQUISITION COMPANY,367480,
85069,00495633,율촌,"YulChon co., Ltd",146060,
85111,00787057,휴맥스,"HUMAX CO., LTD.",115160,
85112,00117258,한화갤러리아타임월드,"Hanwha Galleria Timeworld Co., Ltd.",027390,
85122,00120076,LX인터내셔널,LX INTERNATIONAL CORP.,001120,
85125,00297934,피씨디렉트,"PC Direct, Inc.",051380,
85127,00121686,엠케이전자,MKElectron,033160,
85297,00160232,KSS해운,KSS LINE LTD.,044450,
85300,00409371,인베니아,"INVENIA Co.,Ltd.",079950,
85309,00401731,LG전자,LG ELECTRONICS INC.,066570,
85310,00525882,크레버스,"Creverse, Inc.",096240,
85312,01516368,산돌,"Sandoll, Inc.",419120,
85323,00508344,SK디앤디,"SK D&D Co.,Ltd.",210980,
85409,01368637,유일에너테크,"YOUIL ENERGY TECH  CO.,LTD.",340930,
85551,00892526,디케이앤디,"DK&D CO.,LTD",263020,
85589,00479705,케스피온,"KESPION Co., Ltd.",079190,
85590,01297898,마음AI,"MAUM.AI, INC.",377480,
85616,01042085,엑셈,"EXEM CO., LTD.",205100,
85617,01414422,아이비김영,"IBKIMYOUNG CO.,LTD.",339950,
85671,00410997,누리플랜,"Nuriplan Co.,Ltd.",069140,
85688,00120289,제이에스티나,"J.ESTINA Co.,Ltd",026040,
85764,00807555,메가엠디,"MegaMD Co., Ltd.",133750,
85783,01305249,스톤브릿지벤처스,Stonebridge Ventures Inc.,330730,
85814,00494218,엘엠에스,"LMS Co.,Ltd.",073110,
85835,01585155,오픈놀,"Openknowl Co.,Ltd.",440320,
85840,00111722,미래에셋증권,"MIRAE ASSET SECURITIES CO.,LTD.",006800,
85841,00287812,에코바이오,"EcoBio Holdings Co., Ltd.",038870,
85911,01136348,나무기술,"NAMU TECH CO.,LTD.",242040,
85947,01497142,엠아이큐브솔루션,"MICUBE SOLUTION, INC.",373170,
85997,00244419,디에스티,"DST Co., Ltd.",033430,
86010,01292291,파두,FADU INC.,440110,
86025,00147860,에스엠벡셀,"SM BEXEL CO.,LTD",010580,
86028,00536888,케이알엠,"Korea Robot Manufacturing Co., Ltd.",093640,
86120,00140362,제이에스전선,"JS Cable Co., LTD",005560,
86128,01447244,에이치엠씨아이비제5호기업인수목적,HMCIB NO.5 Special Purpose Acquisition Company,353060,
86162,01696275,하나26호스팩,Hana 26 Special Purpose Acquisition Company,446750,
86218,00425351,멀티캠퍼스,Multicampus Corporation,067280,
86219,01567520,대신밸런스제10호기업인수목적,Daishin Balance No.10 Special Purpose Acquisition Company,387310,
86221,00217743,화성밸브,"HS VALVE CO., LTD",039610,
86297,00128227,삼정펄프,"SAM JUNG PULP CO.,LTD.",009770,
86301,01785056,엔에이치스팩30호,NH SPECIAL PURPOSE ACQUISITION 30 COMPANY,466910,
86302,01080252,넥스틴,NEXTIN Inc.,348210,
86322,01416572,세림B&G,"SERIM B&G Co.,Ltd",340440,
86368,00352000,하우리,HAURI Inc.,049130,
86461,00193009,KH 필룩스,"KH FEELUX Co.,Ltd.",033180,
86473,00145437,아센디오,"Ascendio Co., Ltd.",012170,
86474,01775952,한국제13호스팩,"Korea No.13 Special Purpose Acquisition Co., LTD.",464440,
86480,00255619,강원랜드,"Kangwon Land, Inc.",035250,
86481,00670085,엘아이에스,"LIS Co., Ltd.",138690,
86482,01402995,케이엔에스,"KNS CO., LTD",432470,
86489,00260611,웰킵스하이텍,"WELKEEPS HITECH CO.,LTD",043590,
86490,00158316,NICE,"NICE Holdings Co., Ltd",034310,
86491,00583424,아모레퍼시픽,AMOREPACIFIC CORP.,090430,
86492,01535257,엔에이치기업인수목적19호,NH SPECIAL PURPOSE ACQUISITION 19 COMPANY,380440,
86522,01251595,압타바이오,Aptabio Therapeutics Inc.,293780,
86561,01494154,지니너스,GENINUS Inc.,389030,
86563,01021639,나라셀라,"NARA CELLAR Co.,Ltd.",405920,
86575,00173661,에스지신성건설,"SG Shinsung Engineering & Construction Co.,Ltd",001970,
86576,00103547,우진비앤지,"WooGeneB&GCO.,Ltd",018620,
86577,00113997,롯데에너지머티리얼즈,LOTTE ENERGY MATERIALS CORPORATION,020150,
86578,00144012,원풍,WonpoongCorporation,008370,
86579,00173032,동화기업,"DONGWHA ENTERPRISE CO.,LTD.",025900,
86580,00480455,STX엔진,"STX Engine Co,.Ltd",077970,
86581,00228350,신화인터텍,SHINWHA INTERTEK CORP.,056700,
86631,00520610,씨큐브,"CQV Co., Ltd.",101240,
86650,00990396,뿌리깊은나무들,"Redwoods Co., Ltd.",266170,
86651,01135084,에스와이스틸텍,"SY STEEL TECH, Inc.",365330,
86660,00133751,세명전기,SemyungElectricMachinery,017510,
86661,00137234,모베이스전자,"MOBASE ELECTRONICS CO.,LTD.",012860,
86662,00255433,라온시큐어,"RaonSecure Co., Ltd.",042510,
86663,00389970,다날,"DANAL CO., LTD.",064260,
86664,00812362,디에스앤엘,"DSNL Co., Ltd.",141020,
86729,00706715,미원홀딩스,"Miwon Holdings Co.,Ltd.",107590,
86730,00361594,DMS,"DMS Co.,Ltd.",068790,
86731,00363592,한컴위드,Hancom WITH Inc.,054920,
86732,01116344,이비테크,"EB TECH CO.,LTD.",208850,
86761,00995993,DXVX,"Dx & Vx Co., Ltd.",180400,
86791,00367695,DGP,"DGP Co.,Ltd.",060900,
86810,00178790,동양이엔피,DONGYANG E&P INC.,079960,
86814,00911229,라온테크,RAONTEC Inc.,232680,
86815,00106313,금호건설,"KUMHO Engineering & Construction Co., Ltd.",002990,
86819,00390365,토비스,"TOVISCo.,LTD",051360,
86894,00156600,한주라이트메탈,"HANJOO LIGHT METAL CO., LTD.",198940,
86900,01309421,제이엔비,"JNB Co.,Ltd",452160,
86902,00365934,코세스,"KOSES Co.,Ltd",089890,
86940,00755739,파인테크닉스,"FINE TECHNIX CO., LTD",106240,
86941,00828789,대성산업,"DAESUNG INDUSTRIAL CO., LTD.",128820,
86942,01112700,에스엘에스바이오,"SLSBio(Specialty Lab Solution Bio) Co., Ltd",246250,
86978,00125576,체시스,"CHASYS Co.,Ltd",033250,
86979,01203376,유비쿼스,Ubiquoss Inc.,264450,
86990,00249502,골드앤에스,"Gold&S Co.,Ltd",035290,
86991,00145880,현대제철,HYUNDAI STEEL COMPANY,004020,
86992,01365384,이성씨엔아이,"IHSUNGCNI CO.,LTD.",379390,
86995,01591262,디비금융제10호기업인수목적,"DB Finance No.10 Special Purpose Acquisition Co., Ltd.",404950,
86996,00607496,한빛레이저,HBL Corporation,452190,
87003,00129420,까뮤이앤씨,CAMUS ENGINEERING & CONSTRUCTION Inc.,013700,
87018,00855163,미원화학,"MIWON CHEMICALS CO., LTD.",134380,
87053,00788737,이퓨쳐,"e-future.Co.,Ltd.",134060,
87077,00584362,케이엑스넥스지,"KX NexG Co.,LTD.",081970,
87096,01023822,메디젠휴먼케어,"Medizen Humancare Inc Co., Ltd",236340,
87098,00372688,티사이언티픽,"T Scientific Co.,Ltd",057680,
87099,00229030,알멕,"ALMAC  CO., Ltd",354320,
87100,01363818,롯데리츠,"LOTTE REIT Co., Ltd.",330590,
87105,00965512,라온텍,RAONTECH INC.,418420,
87158,00441304,가온그룹,"KAON Group Co., Ltd.",078890,
87159,00619507,와이씨켐,"YCCHEM CO., LTD.",112290,
87181,01156795,프로젠,"ProGen, Co,, LTD.",296160,
87182,01497124,캡스톤파트너스,"Capstone Partners Co., Ltd.",452300,
87184,00269852,폴라리스오피스,Polaris Office Corp.,041020,
87206,00115612,동부건설,Dongbu Corporation,005960,
87207,00135917,한화손해보험,"Hanwha General Insurance Co., Ltd.",000370,
87208,00472890,동국알앤에스,"DONGKUK REFRACTORIES & STEEL CO., LTD.",075970,
87209,00191588,삼원강재,"SAMWONSTEEL Co.,Ltd.",023000,
87210,01060814,삼양패키징,SAMYANG PACKAGING CORPORATION,272550,
87254,01576713,엔에이치기업인수목적22호,NH SPECIAL PURPOSE ACQUISITION 22 COMPANY,396770,
87255,01012640,슈어소프트테크,Suresofttech Inc.,298830,
87256,00965318,이노시뮬레이션,"INNOSIMULATION CO., LTD.",274400,
87257,01760640,교보14호스팩,Kyobo 14 Special Purpose Acquisition Company,456490,
87260,00552859,HLB테라퓨틱스,"HLB Therapeutics Co.,Ltd.",115450,
87269,00456218,모두투어,MODETOURNETWORKINC.,080160,
87352,01089855,맘스터치앤컴퍼니,MOM'S TOUCH&Co.,220630,
87376,00480367,SK오션플랜트,"SK oceanplant Co.,Ltd",100090,
87379,00127255,삼영,"SAMYOUNG CO.,LTD.",003720,
87416,00531917,톱텍,"TOPTEC COMPANY,LIMITED",108230,
87417,00596677,매커스,MAKUS Inc.,093520,
87484,01450105,미래에셋대우기업인수목적5호,MIRAE ASSET DAEWOO SPECIAL PURPOSE ACQUISITION 5 COMPANY,353490,
87485,01134216,트루엔,"TRUEN Co., Ltd",417790,
87499,00115676,KG스틸,"KG DONGBUSTEEL CO., LTD.",016380,
87518,01096341,넥슨게임즈,"NEXON Games Co., Ltd.",225570,
87684,01631658,대신밸런스제12호기업인수목적,Daishin Balance No.12 Special Purpose Acquisition Company,426670,
87699,00614593,넥스트아이,"NextEye Co., Ltd.",137940,
87772,00910947,바다로19호선박투자회사,Badaro No.19 Ship Investment Company,155900,
87773,00800084,씨엑스아이,CXI Healthcare Technology Group Limited,900120,
87774,01505469,디비금융제9호기업인수목적,"DB Finance No.9 Special Purpose Acquisition Co., Ltd.",367360,
87912,00114552,도화엔지니어링,"DOHWA ENGINEERING Co., Ltd.",002150,
87913,00116301,NI스틸,"NI STEEL CO.,LTD",008260,
87914,00163318,모헨즈,"Mohenz. Co., Ltd",006920,
87915,00117179,디와이,DY Corporation,013570,
87916,00177320,대성미생물,Daesung Microbiological Labs. Co. Ltd,036480,
87917,00121570,문배철강,"MOONBAE STEEL CO.,LTD",008420,
87918,00361381,제이브이엠,"JVMCO.,LTD",054950,
87919,00142865,WISCOM,"WISCOM CO.,LTD",024070,
87920,00490151,파트론,"PARTRONCO.,LTD",091700,
87945,00958451,한선엔지니어링,"HANSUN ENGINEERING CO., LTD.",452280,
87948,00130772,SBS,SEOUL BROADCASTING SYSTEM,034120,
87949,00138747,아세아텍,"ASIA TECHNOLOGY Co., Ltd.",050860,
87950,00483735,해성옵틱스,"Haesung Optics Co.,Ltd",076610,
87965,00359474,제이웨이,"J way Co.,Ltd.",058420,
88052,00231105,동성화인텍,"DONGSUNG FINETEC CO., Ltd",033500,
88053,00670766,엠투아이,M2I CORPORATION,347890,
88060,00133991,세아특수강,"SeAH SPECIAL STEEL CO., LTD",019440,
88061,01030503,우진엔텍,WOOJIN Ntec Inc.,457550,
88062,01792825,대신밸런스제17호스팩,Daishin Balance No.17 Special Purpose Acquisition Company,471050,
88066,00260958,케이티알파,"kt alpha Co., Ltd.",036030,
88067,01738483,대신밸런스제16호스팩,Daishin Balance No.16 Special Purpose Acquisition Company,457630,
88078,00143651,웅진,"WOONGJIN CO., LTD.",016880,
88079,00778235,TS인베스트먼트,T.S.Investment Corporation,246690,
88080,01207716,앱코,"ABKO CO., LTD.",129890,
88081,01042775,HL만도,"HL Mando CO.,LTD",204320,
88082,01350869,우리금융지주,Woori Financial Group Inc.,316140,
88093,00163512,한진,"HANJIN TRANSPORTATION CO.,LTD",002320,
88094,01493535,모비데이즈,Mobidays Inc.,363260,
88095,00180795,인팩,INFAC CORPORATION,023810,
88102,00524786,비엠티,"BMTCo.,Ltd.",086670,
88103,00646732,진양홀딩스,CHINYANG HOLDINGS CORPORATION,100250,
88104,01335578,애니플러스,ANIPLUS INC.,310200,
88128,01680131,아이오바이오,"AIOBIO Co., Ltd.",447690,
88183,00564562,엠씨넥스,"MCNEX CO.,LTD",097520,
88213,01622720,KB스타리츠,"KB STAR REIT Co., Ltd.",432320,
88214,00874797,길교이앤씨,"GILGYO E&C Co., Ltd.",456700,
88216,01725160,한화플러스제4호스팩,Hanwha Plus No 4 Special Purpose Acquisition Company,455310,
88242,01526949,하이제6호기업인수목적,HI Special Purpose Acquisition Company VI,377400,
88245,00430089,삼보오토,"SAMBOAUTO. Co., Ltd",070080,
88247,00398701,엘앤에프,"L&F CO.,LTD",066970,
88266,00907013,한국ANKOR유전,KIM ANKOR Oilfield Overseas Resources Development Special Asset Fund [1](Equity),152550,
88267,00105040,뉴인텍,"NUIN TEK CO., LTD",012340,
88268,00147772,정원엔시스,ZUNGWON EN-SYS INC.,045510,
88269,00152437,케이프,CAPE INDUSTRIES LTD.,064820,
88270,00204226,소프트센,"SOFTCEN CO., LTD.",032680,
88271,00243067,부방,"Bubang Co., Ltd.",014470,
88289,00303192,디에이피,"DAP Co., Ltd",066900,
88290,00353762,키이스트,"KEYEAST Co., Ltd.",054780,
88295,00173999,유성티엔에스,"YOOSUNG T&S CO.,LTD",024800,
88345,00348292,한빛소프트,HANBIT SOFT Inc.,047080,
88423,00862312,포스뱅크,"POSBANK CO., LTD.",105760,
88446,01700374,하나27호스팩,Hana 27 Special Purpose Acquisition Company,448370,
88452,00578130,아퓨어스,"APURES CO., LTD.",149300,
88453,01060735,로지스몬,"Logis Mon, Inc.",223220,
88454,00356389,프럼파스트,"PLUMB FAST CO., LTD.",035200,
88455,00365590,HLB생명과학,"HLB Life Science CO.,LTD.",067630,
88456,00657756,무송지오씨,MSGOC CO. LTD.,135160,
88457,00418379,자연과환경,"NatureandEnvironmentCo.,Ltd.",043910,
88572,00356927,에이디칩스,Advanced Digital Chips Inc.,054630,
88607,01596665,한국제10호기업인수목적,"Korea No.10 Special Purpose Acquisition Co., LTD.",409570,
88629,00309460,HB인베스트먼트,"HB Investment, Inc.",440290,
88641,00652007,메카로,"MECARO.CO.,LTD.",241770,
88642,00769158,케이엔제이,"KnJ Co.,Ltd.",272110,
88643,00808068,협진,"Hyupjin Co., Ltd.",138360,
88644,01108248,지노믹트리,Genomictree Inc.,228760,
88667,00757816,모다,Moda Inc.,149940,
88674,01263527,카이노스메드,"KAINOS MEDICINE, INC.",284620,
88680,00102113,경인양행,KYUNG-IN SYNTHETIC CORPORATION,012610,
88749,00145598,이연제약,"REYON PHARMACEUTICAL CO., LTD",102460,
88753,00454399,이상네트웍스,"eSANGNetworksCo.,Ltd",080010,
88754,00542074,나노캠텍,"Nano Chem Tech, Inc.",091970,
88767,01476219,코스텍시스,"KOSTECSYS. CO., LTD.",355150,
88779,01043853,베노티앤알,"BENO TNR, Inc.",206400,
88781,00409672,티비에이치글로벌,"TBH GLOBAL CO.,LTD",084870,
88785,00425254,나우코스,"NOWCOS CO., LTD",257990,
88786,00664048,우리넷,"Woori-Net Co., Ltd.",115440,
88787,01652970,하나금융23호기업인수목적,Hana Financial Twenty-three SPAC,427950,
88812,00591441,어보브반도체,"ABOV Semiconductor Co.,Ltd.",102120,
88928,01158632,진코스텍,"JINCOSTECH CO.,LTD.",250030,
88935,00138057,써니전자,"SUNNY ELECTRONICS CO.,LTD",004770,
88980,01053540,퓨쳐켐,"FutureChem Co., Ltd.",220100,
89042,00605328,씨앤지하이테크,"C&G Hi Tech Co., Ltd",264660,
89116,00109693,DL,"DL Holdings CO.,LTD",000210,
89131,00372253,연우,"YONWOO CO., LTD",115960,
89152,00598198,컴퍼니케이,COMPANY K PARTNERS LIMITED,307930,
89228,00537337,앤씨앤,"NC& Co., Ltd.",092600,
89229,01797440,SK증권제11호스팩,SK Securities No.11 Special Purpose Acquisition Company,472230,
89242,01406618,비올,"VIOL Co., Ltd.",335890,
89354,00468374,원익QnC,WONIK QnC CORPORATION,074600,
89358,00689418,지유온,"G.U.ON Co., Ltd.",111820,
89429,00260569,유니셈,"UNION SEMICONDUCTOR EQUIPMENT  CO.,LTD;",036200,
89455,01669226,한화리츠,"Hanwha REIT Co., Ltd.",451800,
89552,00159971,KC그린홀딩스,"KC Green Holdings Co.,Ltd.",009440,
89560,01495180,파로스아이바이오,"Pharos iBio Co., Ltd.",388870,
89563,01357446,퓨런티어,Furonteer Inc.,370090,
89598,01218299,에코아이,"ECOEYE CO., LTD.",448280,
89650,00923792,내츄럴엔도텍,"Naturalendo Tech Co., Ltd",168330,
89665,01062177,제놀루션,GENOLUTION INC.,225220,
89689,01787072,유진스팩10호,EUGENE SPECIAL PURPOSE ACQUISITION 10 COMPANY,468760,
89700,00110431,JW신약,JW SHINYAK CORPORATION,067290,
89727,01791561,하나31호스팩,Hana 31 Special Purpose Acquisition Company,469900,
89728,01800285,비엔케이제2호스팩,BNK 2 SPECIAL PURPOSE ACQUISITION COMPANY,473370,
89752,01097906,KH 건설,"KH Construction Co., Ltd.",226360,
89776,00367710,동인기연,"DONG IN ENTECH Co., Ltd.",111380,
89806,00479787,인텍플러스,"INTEKPLUS CO., LTD",064290,
89812,00117744,메리츠화재해상보험,"Meritz Fire & Marine Insurance CO., Ltd",000060,
89818,00104786,미래아이앤지,"MiraeING.Co.,Ltd.",007120,
89822,00611912,아모그린텍,"AMOGREENTECH Co., Ltd.",125210,
89859,00101433,경농,KYUNGNONG CORPORATION,002100,
89932,00876209,미래엔에듀파트너,"MiraeN Edupartner Co., Ltd.",208890,
89963,00188973,화일약품,"HWAIL PHARM. CO., LTD",061250,
89964,00273420,이스트소프트,ESTsoftCorp.,047560,
89981,00411808,제이오,"JEIO. Co., Ltd.",418550,
89982,01717170,상상인제4호스팩,Sangsangin No.4 Special Purpose Acquisition Company,452670,
89995,01293953,싸이버원,"CyberOne Co., Ltd.",356890,
89996,00692254,아이패밀리에스씨,"iFamilySC Co,. Ltd.",114840,
90001,00351995,지에스이,"GSE Co., Ltd.",053050,
90026,00109824,대림통상,"DAELIM TRADING CO.,LTD",006570,
90065,01462605,지투파워,G2Power Co. Ltd,388050,
90117,00957373,펨트론,PEMTRON Corporation,168360,
90171,00126201,삼성공조,"SAMSUNG CLIMATE CONTROL CO.,LTD",006660,
90172,00760999,상신전자,"SANGSHIN ELECTRONICS CO., LTD.",263810,
90175,00271501,코아시아,CoAsia Corporation,045970,
90217,00916516,흥국에프엔비,"HYUNGKUK F&B Co.,Ltd",189980,
90227,00111014,애큐온저축은행,ACUON SAVINGS BANK,007640,
90245,00604028,피코그램,"picogram Co., Ltd.",376180,
90295,00159786,유니드,"UNID CO.,LTD",014830,
90347,00406392,엔에스쇼핑,"NS Shopping Co., Ltd",138250,
90353,01705625,하이제8호스팩,HI Special Purpose Acquisition Company Ⅷ,450050,
90359,01685251,컨텍,"CONTEC Co.,Ltd",451760,
90364,00638487,파수,"FASOO Co.,Ltd.",150900,
90387,00642897,브레인즈컴퍼니,"Brainzcompany Co., Ltd.",099390,
90396,01632851,아이비케이에스제19호기업인수목적,IBKS No.19 Special Purpose Acquisition Company,426550,
90397,00618401,크루셜텍,"Crucialtec Co., Ltd.",114120,
90452,01702017,유니드비티플러스,"UNID btplus Co., Ltd.",446070,
90453,00533191,비보존 제약,"VIVOZON PHARMACEUTICAL CO., LTD.",082800,
90454,00913689,세경하이테크,"Se Gyung Hi Tech Co., Ltd.",148150,
90455,01080687,아우딘퓨쳐스,"Outin Futures Co., Ltd.",227610,
90473,01237434,플리토,Flitto Inc.,300080,
90483,00266961,NAVER,NAVER Corporation,035420,
90487,01188378,시스웍,"SYSWORK CO., LTD",269620,
90529,00890388,지성이씨에스,"ZISUNG ECS CO.,Ltd.",138290,
90530,00578538,티피씨글로벌,"TPC CO., LTD",130740,
90583,00164876,케이비증권,"KB SECURITIES CO.,LTD",003450,
90596,00610861,코스텍시스템,"Kostek Systems, Inc.",169670,
90612,01419384,하나금융16호기업인수목적,Hana Financial Sixteenth Special Purpose Acquisition Company,343510,
90613,01700921,삼성스팩8호,SAMSUNG SPECIAL PURPOSE ACQUISITION 8 COMPANY,448740,
90624,00146436,엔브이에이치코리아,NVH KOREA INC.,067570,
90625,00531865,유니테크노,"UNITEKNO Co., Ltd",241690,
90628,01762569,이수스페셜티케미컬,"ISU SPECIALTY CHEMICAL CO., LTD.",457190,
90647,00122694,범양건영,"BUMYANG CONSTRUCTION CO.,LTD",002410,
90648,00141556,오로라,AURORA WORLD Corporation,039830,
90649,00544452,이리츠코크렙,E KOCREF CR-REIT,088260,
90650,00405719,아이크래프트,"iCRAFTCo.,Ltd.",052460,
90651,00455875,와토스코리아,"WATOSCOREACO.,LTD",079000,
90652,00602279,그린플러스,"GREEN PLUS Co., Ltd.",186230,
90653,00624749,에스피시스템스,"SP SYSTEMS CO.,LTD.",317830,
90656,00547583,하나금융지주,Hana Financial Group Inc.,086790,
90665,00261054,EG,"EG Co., Ltd",037370,
90677,00990563,피엔아이컴퍼니,"PNIcompany.Co.,Ltd.",242350,
90678,01514528,신한제7호기업인수목적,Shinhan 7th Special Purpose Acquisition Company,366330,
90679,01118139,타스컴,"TASCOM Co.,Ltd.",336040,
90682,00149655,삼성물산,SAMSUNG C&T CORPORATION,028260,
90741,01264872,이노뎁,INNODEP INC.,303530,
90776,01042979,휴마시스,"HUMASIS CO., LTD.",205470,
90777,00858364,BNK금융지주,BNK Financial Group Inc.,138930,
90792,01318261,더블유에스아이,"WSI Co., Ltd.",299170,
90799,01437858,진시스템,"Genesystem Co., Ltd",363250,
90827,00161693,한샘,"HANSSEM CO.,LTD.",009240,
90828,00147994,새로닉스,"SERONICS. CO., LTD.",042600,
90829,01524507,핀텔,"Pintel Co.,Ltd.",291810,
90846,00105280,현대지에프홀딩스,"HYUNDAI G.F. HOLDINGS CO., LTD.",005440,
90847,00230814,휴림에이텍,"HYULIM A-TECH Co., Ltd.",078590,
90927,00154426,아이에이치큐,"IHQ, INC",003560,
90928,01242241,샌즈랩,SANDS LAB Inc.,411080,
90929,00302078,엠피씨플러스,MPC plus Inc.,050540,
90993,01398151,밸로프,"VALOFE Co.,Ltd.",331520,
91032,00124780,사조씨푸드,"SAJO SEA FOOD CO.,LTD",014710,
91033,00139214,삼성화재해상보험,"SAMSUNG FIRE & MARINE INSURANCE CO.,LTD",000810,
91034,00166500,화천기계,"HWACHEON MACHINERY CO.,LTD",010660,
91035,00787376,대성에너지,"DAESUNG ENERGY CO.,LTD",117580,
91036,01011872,엔에스엠,"NSM CO.,LTD.",238170,
91037,00990262,피노텍,"Finotek Co.,Ltd.",150440,
91061,00426086,티케이지휴켐스,"TKG Huchems Co.,Ltd.",069260,
91115,01135941,원익IPS,"WONIK IPS CO., LTD.",240810,
91203,00173351,삼진,Samjin,032750,
91302,01221947,비엔에프머티리얼즈,BNF CORPORATION LTD.,271780,
91304,00296324,큐로홀딩스,"CUROHOLDINGS Co., Ltd.",051780,
91305,01515864,넥스트칩,"Nextchip Co., Ltd.",396270,
91306,01513404,하나머스트7호기업인수목적,Hana Must Seven Special Purpose Acquisition Company,372290,
91307,01676642,사피엔반도체,Sapien Semiconductors Inc.,452430,
91317,01222867,제테마,"JETEMA Co.,Ltd.",216080,
91329,00165103,푸드웰,FOODWELL CORPORATION,005670,
91359,01387164,샤페론,Shaperon Inc.,378800,
91400,01336373,메드팩토,"MedPacto, Inc.",235980,
91456,01524118,나노팀,NanoTIM Co. Ltd.,417010,
91518,00121932,미원상사,"MIWON COMMERCIAL CO.,LTD",002840,
91519,00362858,예스24,"YES24Co.,Ltd",053280,
91520,00525642,코오롱생명과학,KOLON LIFE SCIENCE Inc.,102940,
91521,00617998,폴라리스세원,"Sewon Co.,Ltd",234100,
91522,00869272,서전기전,"SEOJEON ELECTRIC MACHINERY Co.,Ltd.",189860,
91523,00299002,HL홀딩스,HL Holdings Corporation,060980,
91524,00356370,LG생활건강,"LG H&H Co., Ltd.",051900,
91555,00535676,테크윙,"Techwing, Inc.",089030,
91561,01016479,오로스테크놀로지,"AUROS TECHNOLOGY, INC.",322310,
91589,01099667,에스디생명공학,"SD BIOTECHNOLOGIES CO., LTD.",217480,
91600,00664288,스페이스솔루션,SPACE SOLUTION INC.,245030,
91638,00886792,루켄테크놀러지스,"LUKEN Technologies Co., Ltd.",162120,
91641,01033591,큐알티,Quality Reliability Technology Inc.,405100,
91696,00115472,미주제강,MijuSteelMfg,002670,
91712,01110058,바이오인프라,"BioInfra Co.,Ltd.",199730,
91713,00878696,에스케이바이오팜,"SK biopharmaceuticals Co., Ltd.",326030,
91714,00231901,LB인베스트먼트,LB Investment Inc.,309960,
91715,01267170,SK케미칼,"SK Chemicals Co., Ltd.",285130,
91764,00155735,피제이전자,"PJ ELECTRONICS CO., LTD.",006140,
91781,00181943,에스제이엠홀딩스,"SJM HOLDINGS CO.,LTD",025530,
91787,00450339,에스에프씨,"SFC Co.,Ltd.",112240,
91803,00595191,후성,"FOOSUNG CO.,LTD",093370,
91829,00120216,KB손해보험,"KB Insurance Co., Ltd",002550,
91840,00136271,신성이엔지,"SHINSUNG E&G Co.,LTD.",011930,
91841,00426828,케이웨더,"Kweather Co., Ltd.",068100,
91846,00149239,조일알미늄,"CHOIL ALUMINUM CO., LTD",018470,
91858,01498974,큐리옥스바이오시스템즈,"Curiox Biosystems Co., Ltd.",445680,
91912,00833064,엠플러스,mPlus Corp,259630,
91965,01328170,노드메이슨,"Nordmason Co.,LTD",317860,
91973,01365038,자람테크놀로지,"Zaram Technology,Inc.",389020,
91983,01231786,엑스페릭스,Xperix Inc.,317770,
91984,01505450,디비금융제8호기업인수목적,"DB Finance No.8 Special Purpose Acquisition Co., Ltd.",367340,
92015,00612294,피엔티,"PEOPLE & TECHNOLOGY, INC.",137400,
92052,00264547,KG이니시스,"KGINICIS CO.,LTD.",035600,
92053,00104768,가온전선,"GAON CABLE CO.,LTD",000500,
92054,00405278,KG모빌리언스,"KGMobilians Co., Ltd.",046440,
92055,00118266,DRB동일,"DRB Holding Co.,Ltd",004840,
92056,01179608,포인트엔지니어링,"POINT ENGINEERING Co., Ltd.",256630,
92057,00382199,신한지주,"SHINHAN FINANCIAL GROUP CO.,LTD",055550,
92058,00595182,아톤,ATON Inc.,158430,
92059,00626464,지엔씨에너지,"GnCenergy Co., Ltd.",119850,
92060,01137903,디케이티,"DK TECH CO.,LTD",290550,
92061,01442115,소마젠,"Psomagen, Inc.",950200,
92116,01569102,라이콤,"LiComm Co., Ltd.",388790,
92122,00167208,흥아해운,"HEUNG-A SHIPPING CO.,LTD.",003280,
92127,00756163,볼빅,VOLVIK INC.,206950,
92136,01528141,LS머트리얼즈,"LS Materials Co.,Ltd.",417200,
92156,00297961,케이맥,Korea Materials & Analysis Corp.,043290,
92173,01147487,뷰티스킨,"BEAUTYSKIN Co., Ltd.",406820,
92177,01065679,이노인스트루먼트,INNO INSTRUMENT INC.,215790,
92189,01705777,엔에이치기업인수목적28호,NH SPECIAL PURPOSE ACQUISITION 28 COMPANY,450410,
92190,00492706,씨싸이트,"C-SITE Co., Ltd.",109670,
92198,00150165,브이티,"VT Co., Ltd.",018290,
92199,01725577,SK증권제9호스팩,SK Securities No.9 Special Purpose Acquisition Company,455910,
92235,00390514,이루온,ELUON Corporation,065440,
92238,00165060,하이록코리아,HY-LOK CORPORATION,013030,
92249,00545716,롯데렌탈,"LOTTE rental co., ltd.",089860,
92250,00767460,PI첨단소재,"PI Advanced Materials Co., Ltd.",178920,
92251,00972503,일진하이솔루스,"ILJIN HYSOLUS Co., Ltd.",271940,
92295,01047415,정다운,"JUNGDAWN Co., Ltd.",208140,
92296,01205842,HD현대건설기계,"HD Hyundai Construction Equipment Co.,Ltd.",267270,
92297,01205514,큐라켐,"CURACHEM Co., ltd.",456190,
92331,00599595,BGF에코머티리얼즈,"BGFecomaterials CO., LTD.",126600,
92349,00104573,국일제지,"KUK-IL PAPER MFG CO.,LTD",078130,
92367,01144569,피엔티엠에스,"People & Technology Ms, Inc.",257370,
92380,00521433,엔지브이아이,"NGVI, INC.",093510,
92444,01423837,모아데이타,"Moadata Co., Ltd.",288980,
92455,00571298,덕우전자,"DERKWOO ELECTRONICS CO.,LTD.",263600,
92469,00152729,광전자,AUK CORP,017900,
92496,00765569,기가비스,"GigaVis Co., Ltd.",420770,
92506,00562360,에코볼트,"Eco Volt Co.,Ltd.",097780,
92507,00693651,비덴트,"Vidente Co., Ltd.",121800,
92558,00660459,나노씨엠에스,"NANOCMS CO., LTD",247660,
92584,01383229,저스템,"Justem.CO.,LTD",417840,
92624,00920379,티엘비,"TLB Co., Ltd.",356860,
92640,00105165,극동전선,"KUKDONG ELECTRIC WIRE CO.,LTD",006250,
92675,00149594,한국캐피탈,"Han Kook Capital Co., Ltd.",023760,
92676,00170026,시공테크,"SIGONG TECH Co.,Ltd.",020710,
92677,00607797,엄지하우스,"EOMJIHOUSE Co., Ltd",224810,
92678,01187865,앙츠,"Antz. Co., Ltd",267810,
92742,00231707,비트컴퓨터,BITComputer,032850,
92743,00360595,현대글로비스,"HYUNDAI GLOVIS Co., LTD.",086280,
92744,00273439,메디아나,"MEDIANA Co.,LTD",041920,
92773,00403632,현대퓨처넷,"Hyundai Futurenet Co., Ltd",126560,
92774,01540815,스튜디오삼익,"Studio Samick Co.,Ltd.",415380,
92804,00364403,쏠리드,"Solid, Inc.",050890,
92866,00208444,피에스케이홀딩스,PSK HOLDINGS INC.,031980,
92867,00161860,한성기업,"HANSUNG ENTERPRISE CO.,LTD",003680,
92897,01596656,메쎄이상,"Messe eSang Co.,Ltd",408920,
92949,00480950,이아이디,"E Investment&Development CO.,LTD",093230,
92953,00554024,셀트리온헬스케어,"Celltrion Healthcare Co., Ltd.",091990,
92976,00148531,제이스코홀딩스,J Steel Company Holdings Inc.  ,023440,
92977,00428251,현대백화점,"HYUNDAI DEPARTMENT STORE CO.,LTD",069960,
93003,00135962,신라교역,"SILLA CO.,LTD",004970,
93011,01336461,뉴로메카,"Neuromeka Co., Ltd.",348340,
93021,00187415,코미팜,"KOMIPHARM INTERNATIONAL CO., LTD.",041960,
93022,00378220,버킷스튜디오,"BUCKET STUDIO Co.,Ltd.",066410,
93117,00447609,비에이치,"BHCo.,Ltd.",090460,
93120,00106119,금양,"KUMYANG CO.,LTD",001570,
93121,00108940,대성홀딩스,"DAESUNG HOLDINGS CO., LTD.",016710,
93128,00651017,나우IB,NAU IB Capital,293580,
93129,01583397,하나금융20호기업인수목적,Hana Financial Twenty Special Purpose Acquisition Company,400560,
93169,01792791,IBKS제24호스팩,IBKS No.24 Special Purpose Acquisition Company,469480,
93348,00120906,에스아이리소스,"SI RESOURCES CO.,LTD.",065420,
93358,00219848,서희건설,"SEOHEE CONSTRUCTION CO., LTD.",035890,
93393,01205709,HD현대,"HD HYUNDAI CO.,LTD.",267250,
93417,00568188,마이크로컨텍솔,"Micro Contact Solution Co.,Ltd.",098120,
93419,00140964,영원무역홀딩스,"Youngone Holdings Co., Ltd",009970,
93456,00311270,원텍,"WON TECH Co.,Ltd.",216280,
93470,01364297,코퍼스코리아,"COPUS KOREA Co., Ltd.",322780,
93522,01199550,HD현대에너지솔루션,"HD HYUNDAI ENERGY SOLUTIONS CO.,LTD.",322000,
93647,00543107,오킨스전자,"OKins Electronics Co.,Ltd.",080580,
93757,00164502,현대공업,"HYUNDAI INDUSTRIAL CO.,LTD",170030,
93758,01010110,더블유게임즈,"DoubleUGames Co., Ltd.",192080,
93759,01190513,명진홀딩스,"Myungjin Holdings.,Corp.",267060,
93768,01721809,현대그린푸드,"HYUNDAI GREEN FOOD CO., LTD",453340,
93774,00106669,세아베스틸지주,SeAH Besteel Holdings Corporation,001430,
93775,00160843,DB하이텍,"DB HiTek Co.,LTD",000990,
93785,00156895,아주IB투자,"AJU IB INVESTMENT CO., LTD.",027360,
93887,00380429,CMG제약,"CMG Pharmaceutical Co., Ltd.",058820,
93896,01430475,코람코라이프인프라리츠,"KORAMCO LIFE INFRA REIT CO.,LTD",357120,
93897,00138695,뉴아세아,"NEW ASIA CO.,LTD.",013340,
93899,01323032,케이카,"K Car Co., Ltd.",381970,
93972,00173078,명신산업,MYOUNG SHIN INDUSTRY,009900,
93973,00526678,동방선기,"Dongbang Ship Machinery Co., Ltd",099410,
93974,00459871,농심홀딩스,Nongshim Holdings,072710,
93975,00601988,코난테크놀로지,KONAN TECHNOLOGY INCORPORATION,402030,
93976,00573579,평화산업,"PYUNG HWA INDUSTRIAL CO., LTD",090080,
93977,00634728,이크레더블,"e-Credible Co., Ltd.",092130,
93978,00861076,케이탑리츠,"K-TOP REITS CO.,LTD.",145270,
93979,00910840,윈하이텍,"WINHITECH CO., Ltd.",192390,
94087,00442561,에프알텍,"FRTEKCO.,LTD.",073540,
94136,00109781,대림제지,DaelimPaper,017650,
94163,01223219,에이에프더블류,"A.F.W Co., Ltd",312610,
94164,01396676,일승,"IL SEUNG Co., LTD",333430,
94165,00361266,코원플레이,"COWON PLAY Co., Ltd.",056000,
94256,01055317,비엔디생활건강,"B&D Life Health CO.,LTD",215050,
94296,00173591,세원물산,SewonCorporation,024830,
94309,00190321,케이티,KT CORPORATION,030200,
94317,01344202,뷰노,"VUNO, Inc.",338220,
94380,00776820,영원무역,Youngone Corporation,111770,
94425,00599285,서플러스글로벌,"SurplusGLOBAL,Inc.",140070,
94494,00138367,플레이위드,PLAYWITH KOREA Inc.,023770,
94495,00867478,아시아종묘,"ASIA SEED Co.,Ltd.",154030,
94625,00550994,아이센스,"i-SENS, Inc.",099190,
94638,01566248,에코프로에이치엔,"ECOPRO HN CO., LTD",383310,
94639,01692321,미래에셋비전스팩2호,Mirae Asset Vision Special Purpose Acquisition 2 Company,446190,
94654,00107613,이수페타시스,"ISUPETASYS CO.,LTD",007660,
94655,00113225,대한제강,"DAEHAN STEEL CO.,LTD",084010,
94656,00118451,동일제강,"DONG IL STEEL MFG CO., LTD",002690,
94657,00117708,리드코프,"The LEADCORP, Inc.",012700,
94713,00261656,잉크테크,"INKTEC CO., LTD.",049550,
94714,00139454,애경산업,"Aekyung Industrial Co., Ltd.",018250,
94715,01546101,아이엠티,"IMT Co., Ltd.",451220,
94717,00407771,듀오백,"DUOBACK CO., LTD.",073190,
94726,01475609,디앤디플랫폼리츠,"D&D Platform REIT Co., Ltd.",377190,
94728,00140779,영보화학,"YOUNGBO CHEMICAL CO.,LTD",014440,
94729,01534522,삼성머스트기업인수목적5호,SAMSUNG MUST SPECIAL PURPOSE ACQUISITION 5 COMPANY,380320,
94769,00105138,파라텍,Paratech Company Limited,033540,
94770,01187175,라이프사이언스테크놀로지,Life Science Technology Inc.,285770,
94771,01622331,벨로크,Bellock Inc.,424760,
94812,00922304,아셈스,ASSEMS INC.,136410,
94814,00226352,케이엠더블유,KMW CO. LTD.,032500,
94817,00925587,위드텍,"WITHTECH, Inc.",348350,
94830,01394669,누보,"NOUSBO CO., LTD",332290,
94832,00872656,금양그린파워,"KUMYANG GREEN POWER CO., Ltd.",282720,
94838,00134565,이스타코,"e-STARCO. CO.,LTD",015020,
94839,00125822,삼보산업,"SAMBO Industrial Co., Ltd.",009620,
94840,00219361,해성산업,"Haesung Industrial Co., Ltd.",034810,
94841,00228712,동우팜투테이블,"DONGWOO FARM TO TABLE CO., LTD",088910,
94849,00140858,와이엠,"YM CO., LTD.",007530,
94900,01781847,교보15호스팩,Kyobo 15 Special Purpose Acquisition Company,465320,
94901,01226234,와이바이오로직스,"Y-Biologics, Inc",338840,
94927,00667373,현대힘스,"HYUNDAI HYMS CO., LTD.",460930,
94943,01186671,바이오시네틱스,"Bio-Synectics, Inc.",281310,
94971,00136624,신영와코루,SHINYOUNG WACOAL INC,005800,
94988,01259232,노바텍,"NOVATECH Co., Ltd.",285490,
95012,00248974,하나제약,"Hana Pharm. Co., Ltd.",293480,
95013,00308896,셀피글로벌,"Cellfie Global Co.,Ltd.",068940,
95014,00413417,우리손에프앤지,"Woorison F&G CO., LTD.",073560,
95015,00344287,HD현대인프라코어,"HD Hyundai Infracore Co., Ltd.",042670,
95016,00624378,마이크로투나노,"MICRO2NANO, INC.",424980,
95035,00148610,한화투자증권,"HANWHA INVESTMENT&SECURITIES CO.,LTD",003530,
95057,00222213,피케이엘,Photronics Korea Ltd,039870,
95161,00250614,삼영엠텍,SAMYOUNG M-TEK C0. LTD.,054540,
95162,00330424,LS증권,"LS SECURITIES Co., Ltd.",078020,
95163,01816268,KB제29호스팩,KB No.29 Special Purpose Acquisition Company,478390,
95168,00495554,와이앤넥스트,Y&NEXT Inc.,090740,
95205,00939942,포시에스,"FORCS Co., Ltd.",189690,
95277,00230911,HRS,"HRS Co., Ltd",036640,
95302,00498001,모베이스,"MOBASE Co., Ltd.",101330,
95347,00397243,티엔아이,TNI Co Ltd,066350,
95350,00164609,HD현대미포,"HD HYUNDAI MIPO CO.,LTD.",010620,
95351,00842585,네이블,Nable Inc.,153460,
95352,00978075,머니무브,"MoneyMove Co., Ltd.",179720,
95353,01150515,대명에너지,Dae Myoung Energy Co. Ltd.,389260,
95397,00127954,CJ프레시웨이,CJ Freshway Corporation,051500,
95398,01442966,마스턴프리미어리츠,"MASTERN PREMIER REIT 1 Co., Ltd.",357430,
95465,01148909,휴럼,"Hurum Co., Ltd.",284420,
95514,00117230,TYM,TYM CORPORATION,002900,
95515,00393469,녹원씨엔아이,"Nokwon Commercials & Industries, Inc.",065560,
95516,00442835,메타랩스,"METALABS CO., LTD.",090370,
95517,00349732,코나아이,"KONA I CO., LTD.",052400,
95518,00341916,오스템임플란트,"OSSTEMIMPLANT.CO.,Ltd",048260,
95568,00241236,에이치씨코퍼레이션,"HC Corporation Co., Ltd.",037340,
95569,00447487,제주반도체,Jeju Semiconductor Corp.,080220,
95577,00350048,오성첨단소재,"OSUNG ADVANCED MATERIALS CO., LTD.",052420,
95578,00337296,원포유,"ONE4U CO.,LTD",122830,
95579,01084364,엔지스테크널러지,"EnGIS Technologies, Inc.",208860,
95617,01818682,한국제15호스팩,"Korea No.15 Special Purpose Acquisition Co., Ltd.",479880,
95623,00409140,이원컴포텍,"EWON COMFORTECH CO.,LTD",088290,
95624,00450995,대모,"DAEMO Engineering Co., Ltd.",317850,
95733,00202060,구영테크,"GUYOUNG TECHNOLOGY CO., LTD.",053270,
95742,00161116,HL D&I,HL D&I HALLA CORPORATION,014790,
95772,01251489,라온피플,LaonPeople Inc.,300120,
95814,00838962,알서포트,"RSUPPORT Co., Ltd.",131370,
95842,01011368,에이치브이엠,"HVM CO.,LTD.",295310,
95855,00103121,세븐코스프,"Seven KOSF CO.,LTD",017160,
95856,00103325,고제,"KOJE Co.,Ltd.",002540,
95903,01026157,쏘카,"SOCAR, Inc.",403550,
95904,00114765,케이비아이동국실업,"KBI DONGKOOK IND CO., LTD",001620,
95936,01190568,에이피알,"APR Co., Ltd.",278470,
96011,00625942,한솔아이원스,"Hansol IONES Co., Ltd.",114810,
96047,00105244,알보젠코리아,"ALVOGEN KOREA CO.,LTD",002250,
96048,00106508,기린,"KIRIN CO.,LTD",006070,
96053,00107923,남한제지,"NAMHAN PAPER CO.,LTD",001950,
96058,00110051,에스케이머티리얼즈,"SK Materials Co., Ltd.",036490,
96062,00111227,대양제지공업,DaeyangPaperMfg,006580,
96084,00264103,에이엠에스,Aju Media Solutions,044770,
96086,00264839,아이비진,IBXENE CORP.,039060,
96110,00132992,성우하이텍,"SUNGWOO HITECH CO., LTD",015750,
96111,00141273,웰바이오텍,"WELLBIOTEC CO.,LTD",010600,
96112,00153339,태경산업,"TAEKYUNG INDUSTRIAL CO.,LTD",015890,
96113,00365457,제이티,JT Corporation.,089790,
96114,00660121,디에이테크놀로지,"DA Technology Co.,Ltd.",196490,
96115,01137383,카카오게임즈,Kakao Games Corp.,293490,
96149,01284751,시지트로닉스,"Sigetronics, Inc.",429270,
96150,01785700,IBKS제23호스팩,IBKS No.23 Special Purpose Acquisition Company,467930,
96151,01672114,한국제11호기업인수목적,"Korea No.11 Special Purpose Acquisition Co., LTD.",436610,
96152,00909835,차이커뮤니케이션,"Chai Communication Co., LTD.",351870,
96165,00117027,알루코,"ALUKO CO.,LTD.",001780,
96231,00159874,한국지주,Korea Holidings Incorporated,009760,
96277,00111829,대웅바이오,Daewoong Bio Inc.,016890,
96284,00115427,신동방CP,ShinDongBang CP Corporation,004660,
96288,00116499,동신제약,"DONGSHIN PHARMACEUTICAL CO.,LTD",006600,
96342,00238977,에스엠화진,"SM HWAJIN Co., Ltd.",134780,
96348,01212383,엔케이맥스,"NKMAX Co.,Ltd.",262760,
96403,00163716,한창,HANCHANG CORPORATION,005110,
96404,01014055,에스트래픽,"STraffic Co.,Ltd.",234300,
96456,01817081,SK이터닉스,"SK eternix Co., Ltd.",475150,
96482,00544577,브이엠,VM Inc.,089970,
96483,01807729,하나33호스팩,Hana 33 Special Purpose Acquisition Company,475250,
96485,00645089,NHN벅스,NHN BUGS Corporation,104200,
96500,00118460,태림페이퍼,"TAILIM PAPER CO.,LTD",019300,
96504,00120508,롯데푸드,"LOTTE FOOD CO.,LTD.",002270,
96507,00121251,네오퍼플,"NEO PURPLE CO.,Ltd.",028090,
96516,00127024,삼양엔텍,"Samyang Entech Co., Ltd.",008720,
96525,00503899,사조해표,SAJOHAEPYO Corporation,079660,
96567,00110875,대신정보통신,DaishinInformation,020180,
96629,01494118,노을,"Noul Co., Ltd.",376930,
96788,00132105,삼양제넥스,"SAMYANG GENEX CO., LTD",003940,
96789,00132114,선진지주,"SUNJIN HOLDINGS CO.,LTD",014300,
96867,01018167,캐로스,"CAROS CO., LTD.",260490,
97063,00138376,쎄라텍,CERATECH CORPORATION,041550,
97065,00139418,알루코,"ALUKO CO.,LTD",021570,
97275,01765265,동국제강,"DONGKUK STEEL MILL Co., Ltd.",460860,
97339,00149248,아세아페이퍼텍,ASIA PAPERTEC INC,009380,
97340,00149840,중앙제지,"CHOONGANG PAPER MFG CO.,LTD",005600,
97345,00151252,에스와이,"SY CO.,LTD",004530,
97530,01251577,휴네시온,"Hunesion co.,ltd",290270,
97531,01815764,이베스트스팩6호,Ebest Special Purpose Acquisition No6 Company,478110,
97548,00163682,메리츠증권,"MERITZ SECURITIES CO.,LTD",008560,
97603,00154392,에스트라,AESTURA Corporation,016570,
97836,00409681,아스트,"AeroSpace Technology of Korea, Inc.",067390,
97837,01845701,교보16호스팩,Kyobo 16 Special Purpose Acquisition Company,482520,
97839,00480756,이트론,"E-TRON CO.,LTD.",096040,
97889,00120182,NH투자증권,"NH INVESTMENT & SECURITIES CO.,LTD. ",005940,
97890,00108490,엔피케이,"NPK CO.,LTD",048830,
97891,00150828,진흥기업,CHINHUNG INTERNATIONAL INC,002780,
97892,00164779,SK하이닉스,SK hynix Inc.,000660,
97893,00260930,에스엠,"SM ENTERTAINMENT CO., Ltd.",041510,
97894,00171636,한솔홀딩스,"Hansol Holdings Co., Ltd.",004150,
97895,00306454,한국정보인증,"KOREA INFORMATION CERTIFICATE AUTHORITY, INCORPORATED",053300,
97896,00181712,SK,SK Inc.,034730,
97897,00632304,JW홀딩스,JW HOLDINGS CORPORATION,096760,
97898,00531829,엠아이텍,"MITECH CO.,LTD.",179290,
97911,00198378,녹십자셀,GREEN CROSS CELL CORPORATION,031390,
98062,00238199,로지시스,LOGISYS INC.,067730,
98112,00259934,예림당,"YeaRimDang Publishing Co., Ltd.",036000,
98159,01050738,솔트룩스,SALTLUX Inc,304100,
98166,00159412,한국제지,"HANKUK PAPER MFG CO.,LTD",002300,
98173,00163044,한일약품공업,"HANIL PHARMACEUTICALIND CO.,LTD",003040,
98175,00164292,동원데어리푸드,DONGWON DAIRY FOODS,003900,
98177,00164362,행남사,HAENGNAM INC.,008800,
98180,00208301,성우몰드,"SUNGWOO MOLD CO.,LTD",053440,
98194,00220446,예일바이오텍,YEIL BIOTECH Corp.,054250,
98219,00653112,미래자원엠엘,"MILAE RESOURCES ML CO., LTD.",233190,
98315,00414850,효성 ITX,"HYOSUNG ITX.CO.,LTD",094280,
98343,00874195,코썬바이오,"Kosun Bio Co., Ltd.",204990,
98354,01360875,탑머티리얼,"TOP MATERIAL Co., Ltd",360070,
98356,01658266,하나금융24호기업인수목적,Hana Financial Twenty-four SPAC,430230,
98366,00264671,세중,"SEJOONG CO., LTD.",039310,
98367,00945457,아이진,"EyeGene,Inc",185490,
98368,01276594,신한알파리츠,"Shinhan Alpha REIT Co,. Ltd.",293940,
98394,00115931,디오,DIO Corporation,039840,
98395,00604268,에이프로,"APRO Co., LTD",262260,
98406,01169498,젬,ZAMLED,248020,
98431,00234449,제이엠피,JMP Ltd.,054790,
98478,00126308,삼성E&A,"SAMSUNG E&A CO.,LTD",028050,
98479,00587925,모아라이프플러스,MOA Life Plus Co. Ltd.,142760,
98533,00536286,윈팩,WINPAC INC.,097800,
98592,00351375,뉴보텍,"NUVOTEC Co., Ltd",060260,
98597,00163114,서연,SEOYON CO. LTD,007860,
98702,00247939,씨모스,"creative master of semiconductor. co.,ltd",037600,
98704,00923516,메가터치,"Megatouch Co., Ltd",446540,
98759,01119387,이에스산업,"ES INDUSTRY CO.,LTD",241510,
98807,00475976,인콘,"INCON Co., Ltd.",083640,
98808,00977641,하이로닉,"Hironic Co.,Ltd",149980,
98809,00988364,SGA솔루션즈,"SGA Solutions Co.,Ltd.",184230,
98828,00825223,화신정공,"HWASHIN PRECISION CO., LTD.",126640,
98882,00148984,시알홀딩스,"CR Holdings Co., LTD.",000480,
98883,00606293,나이스디앤비,"NICE D&B CO., LTD.",130580,
98888,01798980,유안타제15호스팩,Yuanta 15 SPECIAL PURPOSE ACQUISITION COMPANY,473050,
98889,00652423,인바이오젠,"INBIOGEN CO.,Ltd",101140,
98944,00248053,지에스엔텍,GS ENTEC Corp.,037640,
98955,00252658,코리언일랙트로닉스파워소스,"Korean Electronics Power Sources Co.,Ltd",046810,
98970,00127167,삼영무역,"SAMYUNG TRADING CO.,LTD",002810,
99018,01138993,원바이오젠,"Wonbiogen Co., Ltd.",278380,
99104,00542898,케이이엠텍,KEM Tech Corp.,106080,
99105,00123143,보령,Boryung Corporation,003850,
99106,00857480,사람인,"Saramin Co., Ltd.",143240,
99107,00923826,일월지엠엘,"ILWOUL GML Co.,Ltd",178780,
99108,01468061,레뷰코퍼레이션,RevuCorporation Inc,443250,
99111,00867034,듀켐바이오,"DuChemBio Co, LTD",176750,
99121,00101664,경보제약,"KYONGBO PHARMACEUTICAL CO., LTD.",214390,
99128,00231691,판타지오,Fantagio Corp.,032800,
99130,00249034,드림라인,Dreamline Corporation,035430,
99208,00983040,한진칼,HANJINKAL,180640,
99242,01510489,프레스티지바이오파마,Prestige BioPharma Limited,950210,
99243,01524093,DL이앤씨,"DL E&C CO.,LTD.",375500,
99244,01596425,SK스퀘어,"SK Square Co., Ltd.",402340,
99245,01203507,에스엠비나,"SMVINA Co.,Ltd.",299670,
99246,01232192,티디에스팜,"TDSPHARM Co., Ltd.",464280,
99250,00144021,원풍물산,WonpungMulsan,008290,
99251,00656021,BF랩스,"BFLABS Co.,LTD.",139050,
99295,00209780,케이씨,"KC CO., LTD.",029460,
99315,00297448,플래스크,"Flask Co., Ltd.",041590,
99316,01181515,엘앤씨바이오,"L&C BIO Co., Ltd",290650,
99331,00390860,대산F&B,Daesan F&B Inc.,065150,
99332,01233465,동국생명과학,"DongKook Life Science Co., Ltd.",303810,
99351,00404941,한텍,HANTECH LTD.,098070,
99352,00149804,대유에이텍,"DAYOU AUTOMOTIVE SEAT TECHNOLOGY CO., LTD",002880,
99389,00265324,CJ ENM,"CJ ENM CO., Ltd.",035760,
99392,01014657,비즈니스온커뮤니케이션,"BusinessOn Communication Co.,Ltd",138580,
99398,01658831,오름테라퓨틱,"Orum Therapeutics, Inc.",475830,
99424,01307335,공구우먼,"09women Co., Ltd.",366030,
99455,00352064,프리엠스,FreeMs Corporation,053160,
99463,00173069,아진카인텍,AJINCARINTECH. INC.,011400,
99465,00402110,시큐브,"SECUVE Co., Ltd.",131090,
99468,01063237,플럼라인생명과학,"Plumbline Life Sciences, Inc.",222670,
99498,00136226,신성델타테크,"SHINSUNG DELTA TECH CO., LTD",065350,
99519,00682992,우리벤처파트너스,"Woori Venture Partners Co., Ltd.",298870,
99543,00454937,덕신이피씨,"DUKSHINEPC CO., LTD.",090410,
99550,00110547,링세오코리아,LYNXEO KOREA LTD,003050,
99557,00562245,태웅로직스,"Taewoong Logistics Co., Ltd.",124560,
99558,01860010,오션스바이오,"OceansBio Co., Ltd.",332190,
99559,01201970,셀레스트라,Celestra Inc.,352770,
99560,01351080,지아이이노베이션,GI Innovation Inc.,358570,
99605,00245472,티씨케이,"TOKAI CARBON KOREA CO., LTD",064760,
99606,00403793,바이브컴퍼니,VAIV company Inc.,301300,
99607,01113718,올릭스,"OliX Pharmaceuticals, Inc.",226950,
99612,00295370,제이앤케이인더스트리,"AIBIT Co., Ltd.",039230,
99614,00323868,웹케시,WebCash Corporation,053580,
99642,00525864,피앤씨테크,"PNC Technologies Co.,Ltd.",237750,
99643,00603348,케이아이엔엑스,"KINX, Inc.",093320,
99664,00369107,우리바이오,"WOOREE BIO CO., LTD",082850,
99665,00643656,위메이드맥스,"Wemade Max Co., Ltd.",101730,
99680,00351579,SGA,"SGA Co.,Ltd",049470,
99740,01667592,키움제7호기업인수목적,Kiwoom No.7 Special Purpose Acquisition Company,433530,
99741,01142260,에스엠씨지,"SMCG CO.,Ltd",460870,
99742,01022142,엠디바이스,"Mdevice Co., Ltd",226590,
99766,01118643,로보쓰리에이아이,"Robo3 Ai co.,Ltd",238500,
99813,00258102,지엔코,"Great New wave Coming Co., Ltd.",065060,
99814,00111689,아진전자부품,"AJIN ELECTRONIC COMPONENTS CO.,LTD",009320,
99815,00125965,KH 미래물산,"KH Mirae Corporation Co., Ltd.",111870,
99816,00797364,KC코트렐,"KC Cottrell Co., Ltd.",119650,
99817,00130408,서산,SeoSanCo.Ltd.,079650,
99818,01142400,이루다,"ILOODA Co.,Ltd",164060,
99819,00364795,레드로버,"REDROVER CO.,LTD",060300,
99859,00129235,삼화왕관,"SAMHWA CROWN & CLOSURE CO.,LTD",004450,
99898,00112059,상상인증권,"SANGSANGININVESTMENT&SECURITIES CO.,LTD.",001290,
99899,01641600,에이럭스,"ALUX Co., Ltd.",475580,
99904,00471068,덕산하이메탈,"DUKSANHIMETALCO.,LTD.",077360,
99905,01061558,덕산네오룩스,"DUK SAN NEOLUX CO.,LTD",213420,
99906,01064069,토박스코리아,"TOEBOX KOREA, Ltd.",215480,
99907,01504211,라메디텍,"LAMEDITECH Co., Ltd.",462510,
99940,01605529,버넥트,"VIRNECT Co., Ltd.",438700,
99942,00549891,케어젠,"CAREGEN CO.,LTD.",214370,
99947,01492651,큐로셀,Curocell Inc.,372320,
99959,00134510,SJG세종,"SJG SEJONG CO.,LTD",033530,
99960,00585608,커넥트웨이브,"Connectwave Co., Ltd.",119860,
99961,01210066,리파인,"REFINE Co., Ltd.",377450,
99962,01803927,에이유브랜즈,"AU BRANDZ Co., Ltd",481070,
100000,00255105,케이바이오,KBIO COMPANY Inc.,038530,
100001,01572489,한화플러스제2호기업인수목적,Hanwha Plus No 2 Special Purpose Acquisiton Company,386580,
100008,00766106,엣지파운드리,"Edge Foundry Co.,Ltd",105550,
100017,01204056,하이브,"HYBE Co., Ltd.",352820,
100024,00160588,한화,HANWHA CORP,000880,
100061,01559637,블루엠텍,"BLUEMTEC CO., LTD.",439580,
100063,00113562,롯데손해보험,"Lotte Non-Life Insurance Co., Ltd.",000400,
100067,00226316,호전실업,Hojeon Limited,111110,
100070,00577380,신진에스엠,"SINJIN SM CO.,LTD.",138070,
100076,01814233,미래에셋비전스팩4호,Mirae Asset Vision Special Purpose Acquisition 4 Company,477380,
100080,00307028,경남제약,"KYUNG NAM PHARM.CO.,LTD.",053950,
100081,01594764,신한제9호기업인수목적,Shinhan 9th Special Purpose Acquisition Company,405640,
100082,01344363,다원넥스뷰,"DAWON NEXVIEW CO.,LTD.",323350,
100087,01072518,디피코,"DPECO CO.,LTD.",163430,
100088,01217014,트윔,TWIM Corp,290090,
100132,00263140,휴스토리,"Hustory Co., Ltd.",046400,
100134,01381984,SKAI,"SKAI worldwide Co., Ltd.",357880,
100135,00160375,진양폴리우레탄,"CHINYANG POLY URETHANE CO.,LTD",010640,
100136,00164788,현대모비스,"HYUNDAI MOBIS CO.,LTD",012330,
100146,00216434,체리부로,"Cherrybro Co.,Ltd",066360,
100160,00132868,성안머티리얼스,"SEONG AN Materials CO.,LTD",011300,
100184,00119672,두올,DUAL,016740,
100185,00330044,캠시스,CammSys Corp.,050110,
100186,01583652,모니터랩,"MONITORAPP CO., LTD.",434480,
100194,01512575,코어라인소프트,"Coreline Soft Co., Ltd",384470,
100209,00190756,와이엔텍,"Y-ENTECCO.,LTD.",067900,
100210,01130885,바이오인프라생명과학,BioInfra Life Science Inc.,266470,
100211,01376715,디앤디파마텍,D&D Pharmatech Inc.,347850,
100216,01016309,한켐,"HANCHEM CO.,LTD",457370,
100227,01074862,메가스터디교육,MegaStudyEdu Co. Ltd,215200,
100247,00560982,바이오솔루션,"Bio Solution Co.,Ltd.",086820,
100248,00124504,포스코인터내셔널,POSCO INTERNATIONAL,047050,
100249,00128032,삼일제약,"SAMIL PHARMACEUTICAL CO.,LTD",000520,
100250,00145163,파미셀,"Pharmicell Co.,Ltd.",005690,
100251,00441243,형지엘리트,HYUNGJI ELITE INC.,093240,
100252,01281541,에피바이오텍,"Epi Biotech Co., Ltd.",446440,
100268,00164742,현대자동차,HYUNDAI MOTOR CO,005380,
100269,01867749,유비씨,"UVC Co., Ltd.",495810,
100270,01467336,창대정밀,CHANGDAE Precision,368030,
100271,01814589,디비금융스팩12호,"DB Finance No.12 Special Purpose Acquisition Co., Ltd.",477760,
100298,00842619,리가켐바이오,LigaChem Biosciences Inc.,141080,
100346,00112457,대주산업,Daejoo Inc.,003310,
100362,00264255,바텍,"ValueAddedTechnologyCo.,Ltd.",043150,
100363,00269922,인바디,"InBody Co., Ltd.",041830,
100364,00225706,JW생명과학,JW LIFESCIENCE CORPORATION,234080,
100365,00557508,GKL,"Grand Korea Leisure Co.,Ltd",114090,
100366,01336735,펨토바이오메드,Femtobiomed Inc.,327610,
100371,00681142,쌍방울,SBW,102280,
100404,01540453,에이직랜드,"ASICLAND Co.,Ltd",445090,
100422,00257149,지더블유바이텍,"GW Vitek CO.,LTD.",036180,
100423,00373021,테라사이언스,"TERA SCIENCE Co.,LTD",073640,
100424,01866528,교보17호스팩,Kyobo 17 Special Purpose Acquisition Company,489210,
100471,01853214,신한제14호스팩,Shinhan 14th Special Purpose Acquisition Company,487360,
100473,00173795,신흥,"SHINHUNG CO.,LTD",004080,
100476,00129013,CJ씨푸드,CJ SEAFOOD CORPORATION,011150,
100477,00135795,신도리코,"SINDOH CO.,LTD ",029530,
100478,00406329,루멘스,"LUMENS CO., LTD.",038060,
100479,00161125,한온시스템,Hanon Systems,018880,
100480,00596260,투비소프트,"TOBESOFT Co., Ltd.",079970,
100482,00138792,아시아나항공,Asiana Airlines Inc.,020560,
100483,00651901,에어부산,"Air Busan Co., Ltd",298690,
100493,00136004,신라에스지,"SILLA SG CO., LTD.",025870,
100494,00992543,LK삼양,"LK SAMYANG CO., LTD",225190,
100506,00490090,이지케어텍,"ezCaretech Co., LTD",099750,
100507,01854408,신한제15호스팩,Shinhan 15th Special Purpose Acquisition Company,487830,
100514,01620713,교보12호기업인수목적,Kyobo 12 Special Purpose Acquisition Company,421800,
100515,01207901,사이냅소프트,Synapsoft Corp.,466410,
100516,01847550,하나34호스팩,Hana Thirty-four Special  Purpose Acquisition Company,484130,
100517,00121039,명문제약,"MYUNGMOON PHARM CO.,LTD",017180,
100531,00458562,에이티세미콘,"JHCOS Co., Ltd.",089530,
100545,00159731,글로본,"GLOBON CO., LTD.",019660,
100546,01616808,키움제6호기업인수목적,Kiwoom No. 6 Special Purpose Acquisition Company,413600,
100571,01016886,테크엔,"TECHEN Co.,Ltd",308700,
100596,00159193,한국전력공사,KOREA ELECTRIC POWER CORPORATION,015760,
100617,00105271,케이씨씨,KCC Corporation,002380,
100627,01259311,푸드나무,"FOODNAMOO, INC.",290720,
100633,01031229,한국비티비,"BTB Korea Co.,Ltd",219750,
100691,01384787,시프트업,SHIFT UP Corporation.,462870,
100695,00124090,한국특강,"KOREA STEEL CO.,LTD",007280,
100696,00123523,창해에탄올,"Changhae Ethanol Co., Ltd.",004650,
100697,00124197,세아제강지주,SeAH Steel Holdings Corporation,003030,
100698,00264945,나이스정보통신,NICE INFORMATION & TELECOMMUNICATION INC.,036800,
100699,00276834,KX하이텍,"KX HITECH CO.,LTD",052900,
100764,00307897,신한카드,"Shinhan Card Co.,Ltd",032710,
100766,00367844,자이에스앤디,Xi S&D Inc.,317400,
100767,01194689,HD현대마린솔루션,"HD Hyundai Marine Solution Co., Ltd",443060,
100768,00831428,옵투스제약,"OPTUS Pharmaceutical Co., Ltd.",131030,
100769,01205851,HD현대일렉트릭,"HD HYUNDAI ELECTRIC CO.,LTD",267260,
100770,00970453,파마리서치,"PharmaResearch Co., Ltd.",214450,
100771,01236897,제일약품,"JEIL PHARMACEUTICAL CO.,LTD",271980,
100772,01010642,지씨셀,GC CELL CORPORATION,144510,
100773,01217829,엔에프씨,NFC Corporation,265740,
100774,01489648,솔브레인,"Soulbrain Co., Ltd.",357780,
100776,00108065,에코바이브,"EcoVive Co., Ltd.",015540,
100821,00317210,성호전자,SUNGHO ELECTRONICS CORP.,043260,
100825,00971090,어스앤에어로스페이스,Earth & Aerospace Manufacturing Ind. Co. Ltd,263540,
100826,00153278,서연탑메탈,"SEOYON TOPMETAL CO., LTD.",019770,
100827,00493325,에이엘티,"ALT Co.,Ltd.",172670,
100828,01357765,큐라티스,Quratis Inc.,348080,
100859,00111704,한화오션,"Hanwha Ocean Co., Ltd.",042660,
100860,00260408,팜스코,FARMSCO,036580,
100861,01182408,소프트캠프,"SOFTCAMP CO., LTD",258790,
100862,01636565,루미르,Lumir Inc.,474170,
100871,00405959,스타플렉스,"STARFLEX CO., LTD",115570,
100872,00365989,모나용평,"MONA YONGPYONG CO.,LTD ",070960,
100873,01621280,케이비제21호기업인수목적,"KB No.21 Special Purpose Acquisition Company Co., Ltd.",424140,
100874,01429220,피아이이,"PIE CO., LTD.",452450,
100879,00351427,와이즈넛,"WISEnut, INC.",096250,
100880,00139834,LG씨엔에스,"LG CNS Co., Ltd.",064400,
100881,00415594,동국S&C,DONGKUK STRUCTURES & CONSTRUCTION COMPANY LIMITED,100130,
100882,00362238,휴비스,HUVIS CORPORATION,079980,
100883,00441447,케이씨티,Korea Computer Terminal Inc.,089150,
100884,00362441,현대오토에버,HYUNDAI AUTOEVER CORPORATION.,307950,
100885,00489243,동아엘텍,"DONGAELTEKCo.,Ltd",088130,
100886,00422895,세이브존I&C,SAVEZONE I&C Corp.,067830,
100887,00495086,픽셀플러스,"Pixelplus. Co., Ltd.",087600,
100888,01390344,HD현대중공업,"HD HYUNDAI HEAVY INDUSTRIES CO.,LTD.",329180,
100889,00611736,엑시콘,"Exicon Co., Ltd.",092870,
100890,01003040,케이사인,"KSIGN CO., Ltd.",192250,
100891,01091054,쎄노텍,"CENOTEC Co., Ltd",222420,
100892,01130849,신시웨이,"SINSIWAY CO., LTD.",290560,
100893,01807738,하나32호스팩,Hana 32 Special Purpose Acquistion Company,475240,
100937,01283974,삐아,"BBIA.CO.,LTD.",451250,
100954,00364254,알티캐스트,Alticast Corporation,085810,
100986,00102432,계룡건설산업,"KYE-RYONG CONSTRUCTION INDUSTRIAL CO.,LTD",013580,
100987,00110884,엠젠솔루션,"MGEN SOLUTIONS CO., LTD.",032790,
100988,01480780,NH올원리츠,"NH All-One REIT Co., Ltd.",400760,
100989,00230036,드래곤플라이,"Dragonfly GF Co., Ltd.",030350,
100990,00243979,수성웹툰,"Soosung Webtoon co., Ltd.",084180,
100991,00360036,백금T&A,BG T&A Co.,046310,
100992,00567897,에스비비테크,"SBB TECH Co., Ltd.",389500,
100995,00610490,비디아이,"BDI Co., LTD.",148140,
100998,00125150,SGC에너지,"SGC Energy Co.,Ltd.",005090,
100999,00154329,TP,TP Inc.,007980,
101013,00158325,NICE평가정보,"NICE Information Service Co., Ltd.",030190,
101014,00256502,에이텍,"ATEC CO.,Ltd",045660,
101015,00371485,켐트로닉스,"CHEMTRONICSCo.,Ltd.",089010,
101016,01353848,이노벡스,INNOVEX Company Limited ,279060,
101017,01013694,인카금융서비스,"INCAR FINANCIAL SERVICE Co.,Ltd.",211050,
101018,01159853,휴온스,"HUONS CO., LTD.",243070,
101019,01234507,매일유업,"Maeil Dairies Co., Ltd.",267980,
101020,01310773,엔시스,"Nsys Co., Ltd.",333620,
101021,01407158,모코엠시스,"MOCOMSYS, Inc.",333050,
101022,01462739,비아이매트릭스,"BI MATRIX Co., Ltd.",413640,
101023,01704680,M83,"M eighty-three Co.,Ltd.",476080,
101024,00386937,국민은행,KOOKMIN BANK,060000,
101025,01179866,에스지헬스케어,"SGHEALTHCARE CO.,LTD.",398120,
101052,00292434,인트론바이오,"iNtRON Biotechnology, Inc.",048530,
101053,00415327,중앙백신,CHOONG ANG VACCINE LABORATORY,072020,
101054,00415868,펩트론,"Peptron, Inc.",087010,
101055,00453929,메디포스트,"MEDIPOSTCO.,LTD.",078160,
101061,00765462,씨에스베어링,"CS BEARING Co., Ltd.",297090,
101062,00670340,씨에스윈드,CS Wind Corporation,112610,
101076,01624162,삼성기업인수목적6호,SAMSUNG SPECIAL PURPOSE ACQUISITION 6 COMPANY,425290,
101178,00522007,크리스에프앤씨,"Creas F&C Co., Ltd",110790,
101179,00583026,율호,"Yulho Co., LTD.",072770,
101180,01061497,FSN,"FSN Co., Ltd.",214270,
101205,00239639,삼표시멘트,"SAMPYO Cement Co., Ltd.",038500,
101218,00372873,KTis,ktis Corporation,058860,
101258,00532059,그린생명과학,"GREEN LIFESCIENCE CO., LTD.",114450,
101259,00580199,메디톡스,Medy-Tox Inc.,086900,
101260,00877059,삼성바이오로직스,"SAMSUNG BIOLOGICS CO.,LTD.",207940,
101261,00926522,테고사이언스,"Tego Science, Inc.",191420,
101262,01110678,유틸렉스,"Eutilex Co.,Ltd.",263050,
101263,01114586,셀레믹스,"Celemics, Inc.",331920,
101264,01319899,SK바이오사이언스,"SK Bioscience Co.,Ltd",302440,
101265,00102618,계양전기,"KEYANG ELECTRIC MACHINERY CO.,LTD",012200,
101266,00297095,나라엠앤디,"NARA MOLD AND DIE CO., LTD.",051490,
101267,00384887,에이테크솔루션,"A-Tech Solution CO., LTD.",071670,
101289,01456011,디어유,"DEAR U Co.,Ltd.",376300,
101313,00145446,이건산업,EAGON INDUSTRIAL LTD,008250,
101314,00141246,SGC E&C,"SGC E&C Co., Ltd.",016250,
101322,00203290,콜마홀딩스,"KOLMAR HOLDINGS CO.,LTD.",024720,
101323,00753643,주성코퍼레이션,JOOSUNG CORPORATION,109070,
101324,00441128,아리온테크놀로지,ARIONTECHNOLOGYINC.,058220,
101325,01672053,케이비제22호기업인수목적,KB No.22 Special Purpose Acquisition Company,436530,
101359,00104537,국영지앤엠,KUK YOUNG G M,006050,
101360,00105855,엘에스일렉트릭,"LS ELECTRIC CO., LTD",010120,
101361,00143907,원일특강,WonilSpecialSteel,012620,
101362,00111421,휴니드테크놀러지스,HUNEED TECHNOLOGIES,005870,
101363,00185046,SM C&C,"SM Culture & Contents Co., Ltd.",048550,
101371,00543204,엔에스이엔엠,"NS ENM Co.,Ltd.",078860,
101397,00918222,엘앤케이바이오,"L&K BIOMED CO., LTD.",156100,
101409,01267602,제이시스메디칼,Jeisys Medical Inc.,287410,
101411,00391197,하이퍼코퍼레이션,Hyper Corporation Inc.,065650,
101413,00402989,코스온,"COSON Co., Ltd.",069110,
101420,00113207,대한전선,"TAIHAN ELECTRIC WIRE CO.,LTD",001440,
101427,00453488,다이나믹디자인,"Dynamic Design Co., LTD.",145210,
101428,00657783,모델솔루션,"Model Solution Co., Ltd.",417970,
101429,01311310,지아이텍,"G.I.Tech Co.,Ltd.",382480,
101430,00112378,KR모터스,"KR MOTORS CO., LTD",000040,
101431,00825959,하이비젼시스템,HyVISION SYSTEM.INC,126700,
101446,00144650,유신,Yooshin Engineering Corporation,054930,
101447,00469799,이엔플러스,"ENPLUS CO., LTD",074610,
101448,00299464,초록뱀미디어,"CHOROKBAEM MEDIA CO.,LTD.",047820,
101449,00602136,디와이피엔에프,"DYPNF CO.,LTD",104460,
101450,00814786,티엔엔터테인먼트,"TN entertainment Co., Ltd.",131100,
101451,00488989,한양디지텍,"HANYANG DIGITECH CO.,LTD.",078350,
101481,00172185,남성,NAMSUNG CORPORATION,004270,
101489,01116265,카티스,CATIS INC.,140430,
101536,00203847,국일신동,"KUKIL METAL CO., LTD",060480,
101537,00120571,롯데칠성음료,"LOTTE CHILSUNG BEVERAGE CO.,LTD",005300,
101538,00220057,유비케어,"UBCARE CO., LTD.",032620,
101539,00126380,삼성전자,"SAMSUNG ELECTRONICS CO,.LTD",005930,
101540,00220969,오공,OKONG Corporation,045060,
101541,00126566,한화에어로스페이스,"HANWHA AEROSPACE CO., LTD.",012450,
101542,00225742,LS마린솔루션,"LS Marine Solution Co., Ltd.",060370,
101543,00128980,삼호개발,SAMHO DEVELOPMENT CO,010960,
101544,00236863,희림,Heerim Architects & Planners,037440,
101545,00165413,롯데케미칼,LOTTE CHEMICAL CORPORATION,011170,
101546,00313649,현대바이오,"HYUNDAI BIOSCIENCE CO., LTD.",048410,
101547,00331016,에프앤가이드,FnGuide Inc.,064850,
101548,00231363,LG유플러스,LG Uplus Corp,032640,
101549,00364740,머큐리,MERCURY CORPORATION,100590,
101550,00274933,신세계푸드,SHINSEGAE FOOD Inc.,031440,
101551,00487546,웰크론한텍,"WELCRON HANTEC CO.,LTD.",076080,
101552,00303873,CJ CGV,"CJ CGV CO.,LTD.",079160,
101553,00617314,타이거일렉,"TIGER ELEC CO.,LTD.",219130,
101554,00657224,아이스크림미디어,"i-Scream Media CO., LTD.",461300,
101555,00809429,뉴온,"NUON CO., LTD.",123840,
101556,00866451,워트,"WOT.CO.,LTD.",396470,
101557,01037542,NPX,NPX Inc.,222160,
101558,01335790,바이젠셀,ViGenCell Inc.,308080,
101559,01343665,RF머트리얼즈,"RF Materials Co., Ltd.",327260,
101560,00215976,무궁화인포메이션테크놀로지,"MUGUNGHWA INFORMATION TECHNOLOGY CO., LTD.",038340,
101561,01766167,케이비제26호기업인수목적,KB No.26 Special Purpose Acquisition Company,458320,
101562,00450931,우양에이치씨,"WOOYANG HC CO.,LTD.",101970,
101570,00291231,우전,"WOOJEON CO., LTD.",052270,
101586,00161383,한미반도체,"HANMI Semiconductor CO., LTD.",042700,
101610,00372129,전진건설로봇,"JUNJIN CONSTRUCTION & ROBOT CO., LTD.",079900,
101630,01012987,아모센스,"Amosense Co., Ltd.",357580,
101649,00172680,동국산업,DONGKUK INDUSTRIES COMPANY,005160,
101657,00117498,스틱인베스트먼트,"STIC Investments, Inc.",026890,
101679,00829380,피제이메탈,"PJ METAL CO., LTD",128660,
101713,00104388,국도화학,"KUKDO CHEMICAL CO.,LTD",007690,
101714,00550082,캔버스엔,"CANVAS N Co.,Ltd.",210120,
101715,01344831,딥노이드,DEEPNOID Inc.,315640,
101724,00288343,삼영이엔씨,"Samyung ENC Co., Ltd.",065570,
101741,00198697,일진디스플,"ILJIN DISPLAY CO.,LTD.",020760,
101748,00111999,대원제약,"DAEWON PHARMACEUTICAL CO.,LTD",003220,
101785,00870481,에코캡,"ECOCAB CO., LTD.",128540,
101786,01047169,지란지교시큐리티,"Jiransecurity Co., Ltd.",208350,
101787,01078178,RFHIC,RFHIC CORPORATION,218410,
101788,01095722,심텍,"SIMMTECH Co., Ltd.",222800,
101789,01288410,셀바이오휴먼텍,"Cell Bio Human Tech Co., Ltd",318160,
101790,01514005,크라우드웍스,"CrowdWorks, Inc.",355390,
101791,01538528,에이에스텍,"ASTech  Co., Ltd.",453860,
101812,01770203,조선내화,"Chosun Refractories Co., Ltd.",462520,
101816,00481454,금호타이어,"KUMHO TIRE CO., INC.",073240,
101840,01138595,뱅크웨어글로벌,"Bankware Global Co., Ltd.",199480,
101871,00132202,선진뷰티사이언스,"SUNJIN BEAUTY SCIENCE CO., LTD.",086710,
101872,01139035,티에스아이,"TSI Co., Ltd.",277880,
101873,01544468,이엔셀,"ENCell Co., Ltd.",456070,
101874,00367400,모티브링크,"MOTIVELINK CO.,LTD",463480,
101885,01311408,에코프로머티,"ECOPRO MATERIALS CO., LTD.",450080,
101893,00113410,CJ대한통운,CJ Logistics Corporation ,000120,
101894,00216762,한양이엔지,"HANYANG ENG CO.,LTD",045100,
101895,00131850,SK증권,"SK SECURITIES CO.,LTD",001510,
101896,00536523,로보스타,"Robostar Co.,Ltd.",090360,
101897,00660750,하나머티리얼즈,Hana Materials Inc.,166090,
101915,01190780,파워풀엑스,"Power Fulx Co., Ltd.",266870,
101916,01208751,아이에스티이,"ISTE Co.,Ltd.",212710,
101927,00159005,생고뱅코리아홀딩스,"Saint-Gobain Korea Holdings Co., Ltd.",002000,
101934,01866926,KB제31호스팩,KB No.31 Special Purpose Acquisition Company,492220,
101935,01695498,이브이파킹서비스,"EVPS Co., Ltd.",419700,
101936,00534701,세아메카닉스,"SeA Mechanics Co., LTD",396300,
101937,00124540,대우건설,"DAEWOO ENGINEERING & CONSTRUCTION CO.,LTD",047040,
101939,01872893,에이엠시지,"AMCG Co., Ltd.",495900,
101940,01663055,한화플러스제3호기업인수목적,Hanwha Plus No 3 Special Purpose Acquisition Company,430460,
101944,01784914,클로봇,"CLOBOT Co., Ltd.",466100,
101947,00412597,현대홈쇼핑,HYUNDAI HOME SHOPPING NETWORK CORPORATION,057050,
101978,01257872,에스퓨얼셀,"S-Fuelcell Co., Ltd.",288620,
101981,01857991,디비금융제13호스팩,"DB Finance No.13 Special Purpose Acquisition Co., Ltd.",489730,
101984,01761296,한국제12호스팩,"Korea No.12 Special Purpose Acquisition Co., LTD.",458610,
102000,01416235,고스트스튜디오,"GHOST STUDIO CO., LTD.",950190,
102001,00232007,상지건설,"Sangji Construction, Inc.",042940,
102002,00791209,메타케어,"METACARE Co., Ltd.",118000,
102036,00153621,참엔지니어링,"Charm Engineering Co.,Ltd.",009310,
102043,00861720,이즈미디어,"isMedia Co., Ltd",181340,
102067,00503668,LIG넥스원,"LIG Nex1 Co., Ltd.",079550,
102068,01316245,효성중공업,Hyosung Heavy Industries Corporation,298040,
102069,00783246,글로벌에스엠,Global SM Tech Limited,900070,
102070,01682740,IBKS제21호스팩,IBKS No.21 Special Purpose Acquisition Company,442770,
102071,01701328,IBKS제22호스팩,IBKS No.22 Special Purpose Acquisition Company,448760,
102081,00453442,해성에어로보틱스,"Haisung Aero-Robotics Co., Ltd.",059270,
102082,01370863,그린리소스,"Green Resource Co.,Ltd",402490,
102083,01574760,신한제8호기업인수목적,Shinhan 8th Special Purpose Acquisition Company,393360,
102084,00528791,제일엠앤에스,"JEIL M&S CO., LTD",412540,
102095,00629212,딜리,"DILLI ILLUSTRATE INC.,",131180,
102114,00111810,대웅,"DAEWOONG CO.,LTD",003090,
102185,00243988,에스케이브로드밴드,"SK Broadband Co., Ltd.",033630,
102205,00229021,인성정보,"INSUNG INFORMATION CO., LTD",033230,
102206,00818472,이큐셀,"EQUIPMENTS CELL CO.,LTD",160600,
102207,01259056,애닉,Anic Inc.,299910,
102241,00259545,엠에스오토텍,"MS AUTOTECH COMPANY, LIMITED",123040,
102242,01208821,팡스카이,"PangSky Co., Ltd.",266350,
102252,00369569,비케이홀딩스,"BK Holdings CO.,LTD.",050090,
102261,00118804,동진쎄미켐,"DONGJIN SEMICHEM CO., LTD.",005290,
102287,00358271,에스에프에이,SFA Engineering Corporation,056190,
102291,01359815,한울반도체,"HanWool Semiconductor, Inc.",320000,
102292,01480708,에이치이엠파마,HEM Pharma Inc.,376270,
102314,00159209,한전기술,"KEPCO Engineering & Construction Company, Inc",052690,
102315,00868705,윈스테크넷,"WINS Technet Co., Ltd",136540,
102345,00104519,국보,"KUKBO Co.,LTD",001140,
102346,00821607,알톤,"Alton Co.,Ltd.",123750,
102351,00155124,평화홀딩스,"Pyung Hwa Holdings Co.,Ltd.",010770,
102352,00527491,하이드로리튬,Hydro Lithium Inc,101670,
102358,00244455,케이티앤지,KT&G Corporation,033780,
102359,00227333,네패스,NEPES Corporation,033640,
102360,00258801,카카오,Kakao Corp.,035720,
102361,00261443,엔씨소프트,NCsoft Corporation,036570,
102362,00349097,케이티스카이라이프,"KT Skylife Co.,Ltd.",053210,
102363,00297989,오르비텍,"Orbitech Co., Ltd.",046120,
102364,00357360,한세엠케이,"HANSAEMK CO.,LTD.",069640,
102365,00338170,이닉스,INICS Corporation,452400,
102366,00390055,종근당바이오,CKD Bio Corp.,063160,
102367,00427483,대웅제약,DAEWOONG PHARMA,069620,
102375,00397191,팬엔터테인먼트,"PANENTERTAINMENTCO.,LTD.",068050,
102390,00445054,하나마이크론,HanaMicronInc.,067310,
102399,00131780,SK네트웍스,SKNetworksCompanyLimited,001740,
102400,01854763,HS효성,HS HYOSUNG Corporation,487570,
102406,00155638,피에스텍,"PS Tec. Co., Ltd.",002230,
102408,01276901,엔피,NP Inc.,291230,
102409,01302853,아이씨에이치,"ICH Co., Ltd.",368600,
102410,01573284,코닉오토메이션,Kornic Automation Co.Ltd.,391710,
102411,01804476,유안타제16호스팩,Yuanta 16 SPECIAL PURPOSE ACQUISITION COMPANY,474490,
102423,00138206,쌍용건설,"Ssangyong Engineering & Construction Co., Ltd. ",012650,
102443,00280688,스튜디오에스,"Studio S Co., Ltd.",046140,
102457,00155319,POSCO홀딩스,POSCO Holdings Inc.,005490,
102458,00157681,롯데정밀화학,"LOTTE Fine Chemical Co., Ltd.",004000,
102459,00234412,신세계인터내셔날,SHINSEGAE INTERNATIONAL Inc.,031430,
102460,00939687,동일고무벨트,"DRB Industrial Co.,Ltd",163560,
102490,00407294,유라클,URACLE. Co. Ltd,088340,
102522,00108241,농심,"NONGSHIM CO.,LTD",004370,
102569,00453284,교촌에프앤비,"KYOCHON FOOD&BEVERAGE CO., LTD.",339770,
102570,00540641,동양고속,DONGYANG EXPRESS CORP.,084670,
102571,00684802,에이플러스에셋,"A Plus Asset Advisor Co., Ltd.",244920,
102572,00872984,이마트,E-MART Inc.,139480,
102578,01385050,넥스트바이오메디컬,"NEXTBIOMEDICAL Co., Ltd.",389650,
102581,00181934,플랜텍,"PLANTEC Co.,Ltd",051310,
102591,01588189,씨메스,CMES Inc.,475400,
102627,01090471,씨아이에스,Creative & Innovative System Corporation,222080,
102628,00370918,케이디켐,"KDCHEM CO., LTD.",221980,
102641,00663669,폴라리스우노,"POLARIS UNO, Inc.",114630,
102664,00385336,홈캐스트,"homecast CO., LTD.",064240,
102676,00217947,신세계건설,"Shinsegae Engineering & Construction C.,Ltd.",034300,
102677,00672603,케이엔알시스템,KNR SYSTEMS Inc.,199430,
102678,00820352,파인텍,"FINETEK CO., LTD.",131760,
102700,00113191,코리안리,Korean Reinsurance Company,003690,
102701,00103644,비츠로테크,"Vitzro Tech Co.,LTD.",042370,
102702,00126487,F&F 홀딩스,"F&F Holdings Co., Ltd.",007700,
102703,00141389,KZ정밀,KZ Precision Corporation,036560,
102704,00339072,팬스타엔터프라이즈,"Panstar Enterprise Co., Ltd.",054300,
102705,00219486,신세계I&C,SHINSEGAE INFORMATION & COMMUNICATION Inc.,035510,
102706,00608699,탑코미디어,"Topco Media Co.,Ltd.",134580,
102707,01568413,F&F,"F&F CO.,Ltd",383220,
102714,01880801,KB발해인프라,KB Balhae Infrastructure Fund,415640,
102715,01286476,RF시스템즈,"RF Systems Co., Ltd.",474610,
102726,00105101,INVENI,"INVENI Co., Ltd.",015360,
102727,00207375,대한뉴팜,"Daehan Nupharm Co.,Ltd.",054670,
102728,00605124,알파칩스,"Alphachips, Inc.",117670,
102731,01765256,동국씨엠,"DONGKUK COATED METAL Co., Ltd.",460850,
102739,01519790,엠앤씨솔루션,"MNC Solution Co., Ltd",484870,
102740,00623184,오늘이엔엠,"ONEUL E&M co.,Ltd",192410,
102741,01516766,아이비젼웍스,"IVISIONWORKS CO.,LTD.",469750,
102742,00527011,엘비루셈,"LB Lusem Co., Ltd.",376190,
102748,00132725,SB성보,"SBSUNGBO Co., Ltd.",003080,
102749,00137207,유니켐,"UNICHEM CO.,LTD",011330,
102750,00249441,씨씨에스,"KOREA CABLE T.V CHUNG-BUK SYSTEM CO., LTD.",066790,
102751,00674498,골프존홀딩스,"GOLFZON HOLDINGS Co., Ltd.",121440,
102752,01136001,나노실리칸첨단소재,"NanoSilikhan Advanced Materials Co., Ltd.",286750,
102753,01391103,젝시믹스,XEXYMIX Corporation,337930,
102775,00125664,삼미금속,"Sammi Metal Products Co., Ltd.",012210,
102776,01507810,애니메디솔루션,anymedi Inc.,390110,
102777,00878517,에스케이씨에스,"SKCS CO.,LTD.",224020,
102778,01276026,지놈앤컴퍼니,Genome&Company,314130,
102779,01358463,현대무벡스,"HYUNDAI MOVEX Co., Ltd.",319400,
102780,01368354,네패스아크,Nepes Ark Corporation,330860,
102781,01435489,범한퓨얼셀,"Bumhan Fuel Cell Co.,Ltd.",382900,
102792,00311216,에이치엔에스하이텍,H&SHigh Tech Corp.,044990,
102793,01270749,웨이비스,Wavice Inc.,289930,
102916,00132211,SUN&L,"SUN&L CO.,LTD",002820,
102919,01011526,엔켐,"Enchem Co., Ltd.",348370,
102979,01817610,대신밸런스제18호스팩,Daishin Balance No.18 Special Purpose Acquisition Company,478780,
102986,00122056,미창석유공업,"MICHANG OIL IND CO.,LTD",003650,
102988,01337017,이앤에치,"E&H Co., Ltd.",341310,
102996,00164308,이마트에브리데이,E-MART EVERYDAY Inc.,010090,
103049,00152385,에이프로젠,"Aprogen, Inc",007460,
103086,01085026,유진테크놀로지,"YUJIN TECHNOLOGY CO.,LTD.",240600,
103115,01186404,디앤씨미디어,"D&C MEDIA CO.,LTD.",263720,
103153,00567222,우림피티에스,"WOORIM POWER TRAIN SOLUTION Co., Ltd.",101170,
103164,00816696,큐엠씨,"QMC Co., Ltd.",136660,
103201,00310156,셀루메드,"CELLUMED CO., LTD.",049180,
103209,00929228,엔에스컴퍼니,"NSCompany CO., LTD.",224760,
103254,01747977,엘케이켐,"LK CHEM Co., Ltd.",489500,
103255,01671601,카이바이오텍,"KaiBioTech Co., Ltd",446600,
103289,00361008,한화엔진,"Hanwha Engine Co., Ltd.",082740,
103294,00763701,헥토파이낸셜,"Hecto Financial Co., Ltd.",234340,
103295,00156859,다올투자증권,"Daol Investment & Securities Co., Ltd.",030210,
103300,00166175,대호특수강,dhSteel,021040,
103303,01082348,오스테오닉,"OSTEONIC Co., Ltd.",226400,
103369,00138321,신한투자증권,"Shinhan Securities Co., Ltd.",008670,
103388,00103130,플레이그램,"Playgram Co., Ltd.",009810,
103389,00877174,엠브레인,"Macromill Embrain Co., Ltd.",169330,
103390,01299203,그리드위즈,"Gridwiz Co.,Ltd",453450,
103396,00119007,무림P&P,"Moorim P&P CO.,LTD",009580,
103397,00121507,무림SP,"MOORIM SP CO., LTD.",001810,
103398,00133706,한국제지,"Hankuk Paper MFG. CO., LTD",027970,
103415,01373709,아이씨티케이,"ICTK Co., Ltd.",456010,
103431,00156956,한국기업평가,Korea Ratings Corporation,034950,
103439,00304401,텔라움,"TELAUM CO., LTD.",047730,
103459,00116408,동신건설,DongshinEngineering&Construction,025950,
103460,00232821,에이치엠넥스,"HMNEX Co.,Ltd.",036170,
103485,01089350,켐트로스,"Chemtros Co., Ltd.",220260,
103538,00348788,디이시스,DEESYS CO. LTD.,053200,
103575,00134723,페이퍼코리아,PaperCorea Inc.,001020,
103576,00136086,무림페이퍼,"MOORIM PAPER CO.,LTD",009200,
103577,00317681,메타바이오메드,"METABIOMED.CO.,LTD",059210,
103578,00326731,바이오니아,BIONEERCORPORATION,064550,
103579,00349060,한스바이오메드,HANS BIOMED CORPORATION,042520,
103580,00447007,알리코제약,"KOREA ARLICO PHARM CO.,LTD.",260660,
103581,00608440,티앤엘,"T&L Co., LTD.",340570,
103582,00767628,나이벡,"NIBEC CO., LTD.",138610,
103583,00956028,엑세스바이오,"Access Bio, Inc.",950130,
103584,00971726,옵티팜,"Optipharm.CO.,LTD",153710,
103585,01063954,수젠텍,"Sugentech, Inc.",253840,
103586,01118281,피플바이오,"PeopleBio, Inc.",304840,
103596,00226547,오상자이엘,"OSANGJAIEL Co., Ltd ",053980,
103621,01161432,레이저옵텍,"Laseroptek Co., Ltd.",199550,
103630,01784394,STX그린로지스,STX Green Logis Ltd,465770,
103635,00108038,엔피씨,National Plastic Company Limited,004250,
103636,00228059,휴온스글로벌,"Huons Global Co., Ltd.",084110,
103637,00113535,대한해운,KOREA LINE CORPORATION,005880,
103638,00242934,케이엠,KM CORPORATION,083550,
103639,00117212,두산,"DOOSAN CO.,LTD",000150,
103640,00261373,마크로젠,"Macrogen, Inc.",038290,
103641,00117337,동양,TONGYANG Inc,001520,
103642,00127857,삼익악기,"SAMICK MUSICAL INSTRUMENTS CO.,LTD",002450,
103643,00305941,노브랜드,Nobland International Inc.,145170,
103769,01152470,펄어비스,PearlAbyss Corp.,263750,
103770,00102751,고려산업,"KOREA INDUSTRIAL CO.,LTD",002140,
103771,00303703,CS,CS CORPORATION,065770,
103772,01569838,유진기업인수목적7호,EUGENE SPECIAL PURPOSE ACQUISITION 7 COMPANY,388800,
103773,01700587,이노스페이스,"INNOSPACE Co., Ltd.",462350,
103837,00247975,솔브레인홀딩스,"Soulbrain Holdings Co., Ltd.",036830,
103838,00362292,씨티씨바이오,"CTC BIO, INC.",060590,
103839,00888347,휴젤,"Hugel, Inc.",145020,
103840,01663639,유안타제9호기업인수목적,Yuanta 9 SPECIAL PURPOSE ACQUISITION COMPANY,430700,
103845,01253636,에르코스,"ERCOHS Agricultural Corporation Co., Ltd.",435570,
103868,00403766,한국첨단소재,"KOREA ADVANCED MATERIALS Co.,Ltd.",062970,
103869,01035678,링크드,Linked Inc.,193250,
103898,01275489,셀비온,"Cellbion Co., Ltd",308430,
103923,00164478,현대건설,"HYUNDAI ENGINEERING & CONSTRUCTION CO.,LTD",000720,
103957,00291860,조광ILI,"JOKWANG I.L.I CO., LTD",044060,
103990,00392691,포니링크,"PonyLink Co., Ltd.",064800,
103995,00406037,CSA 코스믹,"CSA COSMIC CO., LTD.",083660,
103996,00962393,포인트모바일,"POINT MOBILE Co., Ltd.",318020,
104014,00764807,골프존클라우드,"GolfzonCloud Co.,Ltd.",183410,
104018,00977696,넥스쳐,NEXTURE Corporation,194510,
104022,00158909,하나은행,KEB Hana Bank,004940,
104032,00763358,스마트솔루션즈,"Smart Solutions Co.,Ltd.",136510,
104033,01801822,SK증권제13호스팩,SK Securities No.13 Special Purpose Acquisition Company,473950,
104056,00109754,대림바스,"DAELIM BATH CO.,LTD.",005750,
104057,00265041,삼양케이씨아이,Samyang KCI Corporation,036670,
104058,00141529,오뚜기,OTOKI CORPORATION,007310,
104059,00168331,온타이드,ONTIDE Corp.,005320,
104060,01190124,미디어젠,"MediaZen, Inc.",279600,
104068,00521390,뉴파워프라즈마,"New Power Plasma Co.,Ltd",144960,
104080,00878915,iM금융지주,"iM Financial Group Co., Ltd.",139130,
104081,00136642,에스유앤피,SUNP Corporation,019590,
104082,00263654,오스코텍,OSCOTECInc.,039200,
104083,00407036,선바이오,"SunBio, Inc.",067370,
104084,00919966,신라젠,"SillaJen, Inc.",215600,
104114,00983916,HLB제넥스,"HLB Genex, Inc.",187420,
104196,00138224,쌍용씨앤이,"SSANGYONGC&E.CO.,LTD.",003410,
104218,00569691,디엔에프,"DNFCo.,Ltd.",092070,
104223,01877126,키움제10호스팩,Kiwoom No.10 Special Purpose Acquisition Company,487720,
104241,00256955,테이팩스,TAPEX INC,055490,
104246,00128412,삼진제약,"SAMJIN PHARMACEUTICAL CO.,LTD",005500,
104247,00144395,동서,DONG SUH COMPANIES INC.,026960,
104248,00155531,풍산홀딩스,POONGSAN HOLDINGS CORPORATION,005810,
104249,00164973,현대해상,"HYUNDAIMARINE&FIREINSURANCECO.,LTD.",001450,
104250,00540605,이월드,"E-WORLD CO.,LTD.",084680,
104251,00583442,노루페인트,"NOROO PAINT & COATINGS Co.,LTD",090350,
104252,00128607,삼천리자전거,"SAMCHULY BICYCLE CO., LTD",024950,
104253,00526872,이수앱지스,"ISU Abxis Co., Ltd.",086890,
104254,00580667,S&K폴리텍,"S&KPOLYTECCO.,LTD.",091340,
104255,00606770,참좋은여행,"Very Good Tour Co.,Ltd.",094850,
104256,01592049,엔젤로보틱스,"ANGEL ROBOTICS Co., Ltd.",455900,
104257,01703849,노머스,Knowmerce Corp.,473980,
104266,00172945,동일스틸럭스,"DONGIL STEELUX CO., LTD.",023790,
104267,00991225,더콘텐츠온,"The Contents On Co., Ltd.",302920,
104271,00536541,에코프로,"ECOPRO CO.,LTD",086520,
104307,01882845,GS피앤엘,"GS P&L Co., Ltd.",499790,
104308,00492353,파이오링크,"Piolink, Inc.",170790,
104338,00374738,위세아이텍,"WISE iTech Co., Ltd.",065370,
104339,01817249,미래에셋비전스팩5호,Mirae Asset Vision Special Purpose Acquisition 5 Company,477470,
104340,01514227,씨어스테크놀로지,SEERS TECHNOLOGY,458870,
104362,01250374,에스에스알,SSR Inc.,275630,
104378,00353230,프리젠,PREGEN INC.,060910,
104391,00541437,코렌텍,"Corentec Co., Ltd.",104540,
104398,01182550,EDGC,"Eone Diagnomics Genome Center Co., Ltd.",245620,
104429,01547933,미쥬,"Miju Co., Ltd.",351020,
104447,00327396,옵트론텍,OPTRONTEC Inc.,082210,
104448,00193328,수산인더스트리,"SOOSAN INDUSTRIES CO., LTD.",126720,
104465,00295857,코다코,"KODACO CO., LTD",046070,
104489,01051472,젠큐릭스,Gencurix Inc.,229000,
104503,00688996,KB금융,KB Financial Group Inc.,105560,
104511,00296078,APS,APS Inc.,054620,
104545,00871833,에스티팜,"ST PHARM CO., LTD.",237690,
104546,00353018,파나케이아,PANACEA Inc.,058530,
104547,01686427,에스오에스랩,"SOS LAB Co., Ltd.",464080,
104564,00554352,아이큐어,Icure Pharmaceutical Incorporation,175250,
104581,00110750,플루토스,"Plutus Investment Co.,Ltd",019570,
104582,01412938,베른,VERNE INC.,322190,
104583,01113754,티이엠씨씨엔에스,"TEMC CNS Co., Ltd.",241790,
104588,00151128,모토닉,MOTONIC CORPORATION,009680,
104589,01586172,하이제7호기업인수목적,HI Special Purpose Acquisition Company VII,400840,
104590,01834194,엔에이치스팩31호,NH SPECIAL PURPOSE ACQUISITION 31 COMPANY,481890,
104594,01229240,가이아코퍼레이션,"GAIA CORPORATION CO., LTD",296520,
104601,01675014,대신밸런스제13호기업인수목적,Daishin Balance No.13 Special Purpose Acqusition Company,438220,
104602,01845534,대신밸런스제19호스팩,Daishin Balance No.19 Special Purpose Acquisition Company,482690,
104603,01445440,위츠,"WITS Co., Ltd.",459100,
104604,01498576,유디엠텍,"UDMTEK Co.,Ltd.",389680,
104607,00111838,대원,"DAEWON CO., LTD.",007680,
104609,00155355,풀무원,Pulmuone Corporate,017810,
104610,00561866,락앤락,"LOCK&LOCK CO.,LTD.",115390,
104611,00300405,오리엔트정공,Orient Precision Industries Inc.,065500,
104612,00164672,한일현대시멘트,"HANIL HYUNDAI CEMENT CO.,LTD",006390,
104613,00384717,비엘팜텍,BL Pharmtech Corp.,065170,
104614,00347734,진양화학,CHINYANG CHEMICAL CORPORATION,051630,
104621,00150439,진양산업,"CHIN YANG INDUSTRY CO.,LTD.",003780,
104622,00238782,다우데이타,DAOU DATA CORP.,032190,
104623,00112998,서울보증보험,Seoul Guarantee Insurance Company,031210,
104632,00277736,한일네트웍스,"HANIL NETWORKS CO., LTD.",046110,
104645,00661847,화인베스틸,"FINEBESTEEL CO., LTD",133820,
104646,00904672,넷마블,Netmarble Corporation,251270,
104647,01105153,두산로보틱스,Doosan Robotics Inc.,454910,
104648,00416414,넥스턴바이오,"NEXTURNBIOSCIENCE Co., LTD",089140,
104649,00960641,한국투자패러랠유전해외자원개발특별자산투자회사1호(지분증권),KIM PARALLEL OILFIELD OVERSEAS RESOURCES DEVELOPMENT SPECIAL ASSET FUND [1](EQUI,168490,
104650,00442570,제우스,"ZEUSCO.,LTD.",079370,
104651,00447575,제이앤티씨,"JNTC CO.,LTD.",204270,
104652,01579020,아이엠지티,IMGT Corporation Limited,456570,
104653,00480783,상신이디피,"SANGSINENERGYDISPLAYPRECISIONCO.,LTD",091580,
104655,00535746,컴투스홀딩스,Com2uS Holdings Corporation,063080,
104661,01326792,비투엔,"B2En Co., Ltd.",307870,
104662,00156150,엑시큐어하이트론,EXICURE HITRON INC.,019490,
104663,01590528,아스테라시스,"ASTERASYS Co., Ltd.",450950,
104664,01455492,데이원컴퍼니,Day1 Company Inc.,373160,
104680,00475718,이엠앤아이,"EMnI Co., Ltd.",083470,
104717,01217865,프롬바이오,"From Bio Co., Ltd.",377220,
104751,00526599,덴티움,DENTIUM,145720,
104771,00925374,윤성에프앤씨,"YUNSUNG F&C Co.,Ltd",372170,
104774,00961507,케일럼,"CAELUM Co., Ltd.",258610,
104781,01612608,신영해피투모로우제7호기업인수목적,Shinyoung HappyTomorrow No.7 Special Purpose Acquisition Company,419270,
104798,01678312,아이빔테크놀로지,"IVIM Technology, Inc.",460470,
104806,01319808,한일시멘트,"HANILCEMENTCO.,LTD.",300720,
104807,01873272,키움제11호스팩,Kiwoom No.11 Special Purpose Acquisition Company,489480,
104813,00565215,아이티센코어,"ITCENCORE CO.,LTD.",243870,
104814,01374717,미트박스,MeatBox Global Inc.,475460,
104815,01872219,유안타제17호스팩,Yuanta 17 SPECIAL PURPOSE ACQUISITION COMPANY,493790,
104826,00186799,태웅,"TAEWOONG CO., LTD.",044490,
104846,00965813,미투온,"ME2ON CO., LTD",201490,
104847,00874937,탑선,"Topsun co.,Ltd",180060,
104855,01168143,케이만금세기차륜집단유한공사,Cayman Golden Century Wheel Group Limited,900280,
104856,00125080,AK홀딩스,"AK Holdings, Inc.",006840,
104859,00486705,아주스틸,"AJUSTEEL CO.,LTD.",139990,
104861,00238001,블루콤,"BLUECOM CO.,LTD",033560,
104862,01706794,아이언디바이스,Iron Device Corp.,464500,
104863,01619513,엔에이치기업인수목적23호,NH SPECIAL PURPOSE ACQUISITION 23 COMPANY,422040,
104890,01046391,싸이토젠,"Cytogen, Inc.",217330,
104896,01037214,킵스파마,Keeps Biopharma Inc.,256940,
104900,01047707,포톤,"PHOTON CO., LTD",208710,
104901,00122472,PKC,"PKC Co., Ltd.",001340,
104902,00321204,지에이이노더스,"GA INNODUS CO., LTD.",076340,
104907,00527002,화인써키트,"Finecircuit CO.,LTD.",127980,
104926,01466832,라피치,"RAPEECH Co.,Ltd",403360,
104941,01492217,엑셀세라퓨틱스,Xcell Therapeutics Inc.,373110,
104962,00173698,신일전자,"SHINIL ELECTRONICS CO.,LTD",002700,
104963,01020524,자이글,"Zaigle Co., Ltd.",234920,
104979,00161408,케이비캐피탈,"KB CAPITAL CO,. LTD",021960,
104983,00112004,알바이오,"R Bio CO., LTD.",003190,
104993,00103510,인지컨트롤스,"INZI CONTROLS CO.,LTD",023800,
104994,00100601,강원에너지,"KANGWON ENERGY Co., Ltd.",114190,
104995,00114792,동국홀딩스,"DONGKUK HOLDINGS CO.,LTD.",001230,
104996,00109268,대동스틸,"DAE DONG STEEL CO., LTD.",048470,
104997,00135999,신라섬유,SillaTextile,001000,
105006,00406046,HD현대마린엔진,"HD-Hyundai Marine Engine Co., Ltd.",071970,
105007,00536329,노블엠앤비,"Noble M&B Co., Ltd.",106520,
105044,00363510,소니드,Sonid Inc.,060230,
105045,01458161,티엑스알로보틱스,"TXR Robotics Co., Ltd.",484810,
105046,00126186,삼성에스디에스,"SAMSUNG SDS CO., LTD.",018260,
105047,00126362,삼성SDI,"SAMSUNG SDI CO.,LTD",006400,
105061,00107987,남해화학,NAMHAE CHEMICAL CORPORATION,025860,
105063,00863533,삼양엔씨켐,SAMYANG NC Chem Corp.,482630,
105132,00223762,KT지니뮤직,KT GENIE MUSIC CORPORATION,043610,
105133,00109806,삼일씨엔에스,"SAMIL C&S CO.,LTD",004440,
105134,01526806,삼기에너지솔루션즈,"SAMKEE ENERGY SOLUTIONS CO.,LTD",419050,
105150,01688896,삼성FN리츠,"SamsungFN REIT Co., Ltd.",448730,
105151,00319272,성우,"SUNGWOO CO., LTD",458650,
105152,01854392,유진스팩11호,EUGENE SPECIAL PURPOSE ACQUISITION 11 COMPANY,488060,
105164,00958327,지앤비에스 에코,"GnBS eco Co.,Ltd",382800,
105174,00145862,인천도시가스,INCHON CITY GAS,034590,
105176,01110076,비유테크놀러지,B.U Technology,230980,
105210,00186452,광무,"Kwangmu Co.,Ltd.",029480,
105211,00976615,틸론,"TILON Co.,Ltd.",217880,
105228,00172079,HLB파나진,"HLB PANAGENE Co., LTD.",046210,
105230,00156442,한국가구,KoreaFurniture,004590,
105231,00180263,리더스코스메틱,"LEADERS COSMETICS CO., LTD.",016100,
105232,00206686,케이피엠테크,"KPM TECH CO., LTD.",042040,
105233,00216647,원익홀딩스,"WONIK HOLDINGS CO.,LTD.",030530,
105234,00222435,제이엠아이,"JEONGMOON INFORMATION CO.,LTD.",033050,
105235,00267854,메디앙스,"Medience Co., LTD.",014100,
105236,00346407,크레오에스지,"CreoSG Co.,Ltd.",040350,
105255,00356839,메디콕스,"MEDICOX Co., Ltd.",054180,
105256,01728167,아이지넷,Aiji net Inc.,462980,
105264,00652159,코오롱머티리얼,KOLON MATERIALS,144620,
105265,01881800,한화플러스제5호스팩,Hanwha Plus No 5 Special Purpose Acquisition Company,498390,
105296,00486875,우양,"WOOYANG  Co., Ltd.",103840,
105297,00525679,차바이오텍,"Chabiotech Co.,Ltd.",085660,
105298,00530413,더코디,"THE CODI Co., LTD.",224060,
105338,00657002,에이디테크놀로지,"ADTechnology Co., Ltd.",200710,
105369,00683469,일진전기,"ILJIN ELECTRIC CO.,LTD",103590,
105370,00117276,네이처셀,"NATURECELL CO.,LTD.",007390,
105375,01042711,글로벌텍스프리,"Global Tax Free Co., Ltd.",204620,
105376,00159740,KISCO홀딩스,KISCO Holdings Corp.,001940,
105382,00112332,미래에셋생명,"MIRAE ASSET Life Insurance CO., Ltd.",085620,
105383,00139153,에코플라스틱,ECOPLASTIC CORPORATION,038110,
105384,00141671,오리콤,ORICOM Inc,010470,
105385,00149354,종근당홀딩스,CHONGKUNDANG HOLDINGS CORP.,001630,
105386,00158024,KBI메탈,"KBI METAL CO., LTD.",024840,
105387,00152862,코오롱,KOLON CORPORATION,002020,
105388,00153861,태영건설,TAEYOUNG ENGINEERING & CONSTRUCTION,009410,
105432,01042359,지엘팜텍,GL Pharm Tech Corp.,204840,
105435,00357740,NHN KCP,NHN KCP Corp.,060250,
105436,00377018,기가레인,"GIGALANE Co., Ltd.",049080,
105437,00384762,파커스,"PAKERS CO., Ltd.",065690,
105438,00466428,아미노로직스,"AMINOLOGICS CO.,LTD.",074430,
105439,00608802,텔콘RF제약,TELCON RF PHARMACEUTICAL. Inc.,200230,
105440,00667425,에이팩트,"APACT Co., Ltd.",200470,
105441,00838005,서진시스템,"SEOJIN SYSTEM CO.,LTD",178320,
105450,00129509,한익스프레스,"HAN EXPRESS CO.,LTD",014130,
105451,01372782,엑스게이트,"AXGATE Co., Ltd.",356680,
105452,00125530,SPC삼립,"SPC SAMLIP CO., LTD.",005610,
105453,00384948,대유,"DAEYU CO., LTD.",290380,
105454,00962922,팬젠,Pangen Biotech Inc.,222110,
105455,01453944,벡트,"VECT Co., Ltd.",457600,
105470,00223513,제이씨현시스템,"JCH Systems, Inc.",033320,
105471,00121534,MH에탄올,"MHETHANOL CO.,LTD",023150,
105472,00366845,탑엔지니어링,Top Engineering Company Limited,065130,
105473,00126292,삼성카드,"SAMSUNG CARD CO.,LTD",029780,
105474,00659161,싸이맥스,CYMECHS Inc.,160980,
105475,01236532,와이즈버즈,Wise birds Inc.,273060,
105476,00133858,세방전지,"SEBANG GLOBAL BATTERY CO.,LTD",004490,
105477,00137252,사조동아원,"SAJODONGAONE CO.,LTD",008040,
105478,01796858,신영스팩10호,Shinyoung HappyTomorrow No.10 Special Purpose Acquisition Company,472220,
105479,00140177,GS리테일,"GS Retail Co.,Ltd",007070,
105480,01813377,에이치엠씨제7호스팩,HMCIB No.7 Special Purpose Acquisition Company,477340,
105481,00150633,지누스,ZINUS INC.,013890,
105494,00556907,에이스테크,Ace Technologies Corp.,088800,
105495,00560122,한울소재과학,"HanWool Materials Science, Inc.",091440,
105496,00579999,고영,KohYoungTechnologyInc.,098460,
105497,00585538,에스에너지,"S-EnergyCO.,LTD.",095910,
105498,00659684,장원테크,"JangWonTech Co., Ltd.",174880,
105499,00665676,아시아경제,"The Asia Business Daily Co., Ltd.",127710,
105500,00666204,제너셈,Genesem Inc.,217190,
105501,00799539,제노레이,"GENORAY Co., LTD.",122310,
105502,00915508,알엔투테크놀로지,"RN2 Technologies Co., Ltd.",148250,
105503,01105621,엔투텍,"N2TECH CO.,LTD",227950,
105504,01112889,피엔에이치테크,"P&H TECH Co., Ltd.",239890,
105505,01124680,보라티알,"BORATR CO., Ltd.",250000,
105506,01215618,와이엠텍,"YM Tech Co., Ltd.",273640,
105507,01309795,알로이스,ALOYS Inc.,297570,
105532,00355089,토탈소프트,TOTAL SOFT BANK LTD.,045340,
105541,00958664,신스틸,"SHIN STEEL CO.,LTD.",162300,
105551,00158307,롯데하이마트,"LOTTE Himart Co.,Ltd",071840,
105553,00140168,HS애드,HS Ad Inc.,035000,
105554,01262458,동아타이어공업,"DONG AH TIRE & RUBBER CO.,LTD",282690,
105575,00199076,동일기연,DongilTechnology,032960,
105586,01258428,프레스티지바이오로직스,"Prestige Biologics Co., Ltd.",334970,
105587,01290248,스코넥,"SKONEC ENTERTAINMENT Co., Ltd.",276040,
105588,01423916,온코크로스,"Oncocross Co.,Ltd.",382150,
105589,01444380,에이텀,"ATUM CO., LTD.",355690,
105590,01472930,오브젠,OBZEN Inc.,417860,
105591,01579570,시큐레터,"SecuLetter Co., Ltd.",418250,
105592,00820389,한울비앤씨,"HanulBnC CO.,LTD",214870,
105614,01093007,LS에코에너지,LS Eco Energy Ltd.,229640,
105615,01203808,AP시스템,Advanced Process Systems Corporation,265520,
105616,01616482,신한제10호기업인수목적,Shinhan 10th Special Purpose Acquisition Company,418210,
105617,00765897,한국피아이엠,"PIM KOREA Co.,Ltd.",448900,
105624,00350312,HDC랩스,"HDC LABS Co., Ltd.",039570,
105632,00301112,삼화네트웍스,"SAMHWA NETWORKS Co.,Ltd.",046390,
105636,01408999,웨이버스,"WAVUS Co.,Ltd",336060,
105637,01023211,와이제이링크,"YJLINK CO.,LTD.",209640,
105643,01135057,녹십자웰빙,GREEN CROSS WellBeing Corporation,234690,
105644,00155258,포스코스틸리온,"POSCO STEELEON Co.,Ltd.",058430,
105645,00155276,포스코퓨처엠,"POSCO FUTURE M CO., LTD.",003670,
105646,00204208,마니커,"MANIKER CO.,LTD.",027740,
105647,00377610,세아홀딩스,SEAH HOLDINGS CORP,058650,
105648,01032413,해성디에스,"HAESUNG DS Co.,Ltd.",195870,
105649,01316254,HS효성첨단소재,HS HYOSUNG ADVANCED MATERIALS,298050,
105655,00927558,유바이오로직스,"EuBiologics Co., Ltd.",206650,
105667,01436628,이지스레지던스리츠,"IGIS RESIDENCE REIT Co., Ltd.",350520,
105668,00414540,대주이엔티,"Daejoo Energy INnovation Technology Co.,Ltd",114920,
105669,00475985,시너지이노베이션,"Synergy Innovation Co., Ltd.",048870,
105670,00476498,컴투스,Com2uSCorporation,078340,
105671,00492894,젬백스,"GemVax & KAEL Co.,Ltd.",082270,
105672,00574611,SDN,SDN Company Ltd.,099220,
105673,00613318,와이지엔터테인먼트,YG Entertainment Inc.,122870,
105729,00870065,쓰리에이로직스,3ALogics. Inc.,177900,
105785,00127699,유네코,"UNECO CO.,LTD.",064510,
105805,01511558,네오이뮨텍,"NeoImmuneTech, Inc.",950220,
105866,00638539,앤에스,"NS Co., Ltd.",126870,
105957,01363924,한국미라클피플사,"KOREA MIRACLE PEOPLE COMPANY Co., Ltd.",331660,
105961,00101752,케이씨피드,"KC FEED CO., LTD.",025880,
105962,00107598,남양유업,"NAMYANG DAIRY PRODUCTS CO.,LTD",003920,
105963,00120924,매일홀딩스,"MAEIL HOLDINGS CO., LTD.",005990,
105973,01563922,엠오티,"MOT Co., Ltd.",413390,
105986,00116268,동성제약,"DONGSUNG PHARMACEUTICAL CO.,LTD",002210,
105997,00972293,파멥신,PharmAbcine Inc.,208340,
106044,00104120,광진실업,KwangjinInd,026910,
106045,00141404,영풍제지,"YOUNGPOONG PAPER MFG CO.,LTD",006740,
106090,00415646,드림텍,"DREAMTECH CO.,LTD.",192650,
106091,00474588,한중엔시에스,"HanJungNCS.Co.,Ltd",107640,
106092,01819867,미래에셋비전스팩6호,Mirae Asset Vision Special Purpose Acquisition 6 Company,478440,
106106,00423609,LG생명과학,"LG LIFE SCIENCES,  LTD.",068870,
106132,01584183,퀄리타스반도체,"QUALITAS SEMICONDUCTOR CO., LTD.",432720,
106143,00113234,대한제당,TS CORPORATION,001790,
106144,00140566,한탑,Hantop Inc.,002680,
106145,00113243,대한제분,"DAEHAN FLOUR MILL CO.,LTD",001130,
106146,00162911,한일사료,HANIL FEED Co.Ltd,005860,
106147,00121941,대상,DAESANG CORPORATION,001680,
106148,00192499,팜스토리,"FarmStory CO.,LTD.",027710,
106149,00126955,삼양식품,Samyang Foods Inc.,003230,
106150,00241209,모아텍,"MOATECH CO., LTD.",033200,
106151,00242378,이지홀딩스,"Easy Holdings Co., Ltd.",035810,
106152,00130879,서울식품공업,"SEOUL FOOD IND CO.,LTD",004410,
106153,00364467,드림어스컴퍼니,Dreamus Company,060570,
106154,00370006,iMBC,"iMBC Co., Ltd.",052220,
106155,00142661,우성,"WOOSUNG CO., LTD.",006980,
106159,01226270,스톰테크,"Stormtec Co.,Ltd",352090,
106163,00156691,한국공항,"KOREA AIRPORT SERVICE CO.,LTD",005430,
106165,00158149,한국쉘석유,"HANKOOK SHELL OIL CO.,LTD",002960,
106166,00620558,에이비프로바이오,"Abpro Bio Co., Ltd.",195990,
106167,00303794,쇼박스,SHOWBOX Corp.,086980,
106168,00875307,야스,"YAS Co., Ltd",255440,
106182,00127158,씨아이테크,"CITECH CO.,LTD",004920,
106206,00144720,와이투솔루션,"Y2 Solution CO.,LTD",011690,
106228,00260356,산은캐피탈,KDB CAPITAL CORPORATION,008270,
106259,00220622,서호전기,"Seoho Electric Co.,Ltd.",065710,
106260,00442455,코스나인,"Cosnine Co., Ltd",082660,
106265,00390903,우주일렉트로,"UJU ELECTRONICS CO., LTD",065680,
106356,00446831,세실,SESILCORPORATION,084450,
106387,00149646,기업은행,INDUSTRIAL BANK OF KOREA,024110,
106388,00361169,한국전자인증,KOREA ELECTRONIC CERTIFICATION AUTHORITY,041460,
106398,01714997,신한글로벌액티브리츠,"Shinhan Global Active REIT Co., Ltd.",481850,
106399,01689035,민테크,"Mintech Co., Ltd.",452200,
106408,00681373,디지캡,"DigiCAP Co., Ltd.",197140,
106414,00127802,삼익THK,"SAMICK THK CO.,LTD",004380,
106415,01353024,TS트릴리온,"TS Trillion Co., Ltd.",317240,
106416,01555215,스마트레이더시스템,"Smart Radar System, Inc.",424960,
106417,01137860,위너스,"Winners Co., Ltd.",479960,
106419,00445841,MDS테크,MDS Tech Inc.,086960,
106420,00446479,신비앤텍,"Seen BnTek Co.,Ltd.",070480,
106429,00370255,테크엘,"TechL Co., LTD.",064520,
106430,00128971,디엘건설,"DL Construction Co., LTD.",001880,
106459,00917861,슈피겐코리아,"Spigen Korea Co., Ltd",192440,
106478,00103635,광림,"KANGLIM Co., LTD.",014200,
106480,00298447,아모텍,"Amotech Co., Ltd.",052710,
106482,01025644,강스템바이오텍,"KANGSTEM BIOTECH CO., LTD.",217730,
106486,00876908,모트렉스,"MOTREX CO., LTD",118990,
106487,00863038,캐리,"CARRY CO., LTD.",313760,
106494,00201450,에스케이렌터카,"SK RENT A CAR CO.,LTD",068400,
106495,00139889,SKC,SKC LTD,011790,
106496,01366000,태성,"TAESUNG CO.,LTD.",323280,
106497,00762377,씨앗,"CIAAT Co., Ltd.",103660,
106533,00409788,비에이치아이,"BHI Co., LTD.",083650,
106545,00291152,디비엘,"DBL Co., Ltd.",041500,
106576,01492688,드림인사이트,"DREAMINSIGHT Co., Ltd.",362990,
106581,01841635,미래에셋비전스팩7호,Mirae Asset Vision Special Purpose Acquisition 7 Company,482680,
106585,01153105,비비씨,"Best Bristle Company Co., Ltd.",318410,
106589,00816933,진영,"JINYOUNG CO., LTD",285800,
106607,00149345,조흥,CHOHEUNG CORPORATION,002600,
106608,00449254,쎄트렉아이,"SatrecInitiativeCo.,Ltd.",099320,
106609,00545734,아미코젠,"Amicogen, Inc.",092040,
106610,00560849,에스앤디,"S&D Co., Ltd",260970,
106611,00428321,해태제과식품,"Haitai Confectionery and Foods Co., Ltd.",101530,
106626,00397252,조이시티,JoyCity Corporation,067000,
106627,01034730,크로넥스,"CRONEX.CO.,LTD",215570,
106628,00435969,인피니트헬스케어,"INFINITT Healthcare Co., Ltd.",071200,
106629,01035942,메디안디노스틱,Median Diagnostics Inc.,233250,
106631,01604371,상상인제3호기업인수목적,Sangsangin No.3 Special Purpose Acquisition Company,415580,
106647,00108913,대교,"DAEKYO CO.,LTD",019680,
106649,00206659,이랜텍,"Elentec Co., Ltd",054210,
106673,00254045,우리은행,Woori Bank ,000030,
106703,01406265,와이랩,YLAB Corporation,432430,
106716,00929778,배터리솔루션즈,"Battery Solutions Co.,Ltd",199870,
106718,01117918,셀젠텍,"CELLGENTEK Co., Ltd",258250,
106719,01168684,스튜디오드래곤,Studio Dragon Corporation,253450,
106720,01318933,지니틱스,"Zinitix Co.,Ltd.",303030,
106728,00576798,디아이티,DIT Corp.,110990,
106729,00592653,유비벨록스,UbiVelox Inc.,089850,
106741,00116824,동아쏘시오홀딩스,"Dong-A Socio Holdings Co.,Ltd",000640,
106742,00104102,우리종합금융,"Woori Investment Bank Co.,Ltd",010050,
106743,00440712,리튬포어스,Lithium-for-earth Inc ,073570,
106744,00956930,동아에스티,"DONG-A ST CO.,LTD",170900,
106745,00627029,DGI,"DG-ITX Co., Ltd.",099520,
106746,01601222,씨피시스템,"CP SYSTEM CO.,LTD",413630,
106759,00301015,한서제약,"HANSEOPHARM.CO.,LTD.",044070,
106762,00301626,플래닛팔이,Planet82 Inc.,057330,
106814,00299844,미래반도체,"MIRAI SEMICONDUCTORS CO., LTD.",254490,
106815,00650771,하이젠알앤엠,"HIGEN RNM CO., LTD",160190,
106821,00579139,한국맥널티,"Mcnulty Korea Co., Ltd",222980,
106822,00635134,CJ제일제당,CJ CHEILJEDANG CORP.,097950,
106823,00855093,선진,"SUNJIN CO., LTD.",136490,
106824,00811372,노바렉스,"NOVAREX Co., Ltd.",194700,
106825,00896285,삼양사,Samyang Corporation,145990,
106826,00986898,팜스빌,"Pharmsville Co., Ltd.",318010,
106827,01167056,샘표식품,SEMPIO FOODS COMPANY,248170,
106828,01205329,크라운제과,"CROWN CONFECTIONERY CO.,LTD",264900,
106829,01068737,에이치피오,"H.PIO Co., Ltd.",357230,
106830,01238169,오리온,ORION CORP.,271560,
106831,01071944,미래생명자원,"MILAE BIORESOURCES CO., LTD.",218150,
106832,01258507,롯데웰푸드,"LOTTE WELLFOOD CO.,LTD",280360,
106833,01214248,뉴트리,"Newtree Co., Ltd.",270870,
106834,00445869,유니포인트,UNIPOINT Corp.,121060,
106835,00523176,광동헬스바이오,"Kwangdong Healthbio Co., Ltd.",086220,
106849,01613281,하나금융22호기업인수목적,Hana Financial Twenty-two SPAC,418170,
106850,01632912,온코닉테라퓨틱스,Onconic Therapeutics Inc.,476060,
106866,00876166,KBG,KBG Corp.,318000,
106871,00101488,경동나비엔,"KYUNG DONG NAVIEN CO.,LTD",009450,
106872,00108001,남화토건,"Nam Hwa Construction Company, Limited",091590,
106873,00107066,남광토건,"NAMKWANG ENGINEERING & CONSTRUCTION CO.,LTD",001260,
106874,00136165,스페코,Speco,013810,
106875,00137915,에스엠코어,SMCore.Inc,007820,
106876,00112651,대창,"DAECHANG Co.,Ltd",012800,
106877,00158565,한국알콜,KoreaAlcoholIndustrial,017890,
106878,00118026,동원산업,"DONGWON INDUSTRIES CO.,LTD",006040,
106879,00184667,유진기업,EUGENE Corporation,023410,
106880,00200910,아이즈비전,EYESVISION CORPORATION,031310,
106881,00123541,보해양조,"BOHAE BREWERY CO.,LTD",000890,
106882,00125521,에스엘,SL CORPORATION,005850,
106883,00318316,대아티아이,"DAEA TI CO., LTD.",045390,
106884,00131832,SK디스커버리,"SK Discovery Co.,Ltd.",006120,
106885,00329093,코데즈컴바인,"Codes Combine Co.,Ltd.",047770,
106886,00389998,한성크린텍,"HANSUNG CLEANTECH CO., LTD.",066980,
106887,00132637,동원시스템즈,Dongwon Systems Corporation,014820,
106888,00528515,한라IMS,"HANLA IMS Co., LTD",092460,
106889,00145190,유화증권,"YUHWA SECURITIES CO.,LTD",003460,
106923,01851650,KB제30호스팩,KB No.30 Special Purpose Acquisition Company,486630,
106938,00605522,소룩스,"Solux Co., Ltd.",290690,
106965,00910202,대동고려삼,"DAEDONG KOREA GINSENG CO.,LTD.",178600,
107010,00103626,한솔피엔에스,"HANSOL PNS CO.,LTD.",010420,
107019,00317089,한국애보트진단,Abbott Diagnostics Korea Inc.,066930,
107066,00442154,제이엔케이글로벌,"JNK Global Co., Ltd.",126880,
107071,01085187,씨알푸드,Ssial Food Inc.,236030,
107072,01243161,인산가,INSAN Inc.,277410,
107073,01276327,위지윅스튜디오,"WYSIWYG STUDIOS CO., LTD.",299900,
107074,01453670,휴럼,"Hurum Co., Ltd.",353190,
107075,01480568,이지바이오,"EASY BIO, Inc.",353810,
107076,01491607,오에스피,"OSP Co., Ltd",368970,
107077,00101549,경동제약,KyungdongPharm,011040,
107078,00103015,고려제약,"KOREAN DRUG CO., LTD.",014570,
107079,00104722,국제약품,"Kukje Pharma Co., Ltd.",002720,
107080,00113128,대한약품,DaehanPharmaceutical,023910,
107081,00114686,동구바이오제약,"DongKoo Bio & Pharma Co., Ltd.",006620,
107082,00114808,동국제약,"DongKookPharmaceuticalCo.,Ltd.",086450,
107083,01020843,원익피앤이,"WONIK PNE CO., LTD.",217820,
107084,00455981,에스엔유프리시젼,"SNUPrecisionCo.,Ltd.",080000,
107109,00540863,GST,"GlobalStandardTechnologyCo.,Ltd.",083450,
107110,00146232,일성건설,"ILSUNG CONSTRUCTION CO.,LTD",013360,
107111,00541163,이엠텍,"EM-Tech.CO.,LTD.",091120,
107112,00148896,OCI홀딩스,OCI Holdings Company Ltd.,010060,
107113,00545929,제넥신,"Genexine, Inc.",095700,
107114,00156488,휴스틸,"HUSTEEL CO.,LTD",005010,
107115,00614478,휴메딕스,"Humedix Co., Ltd.",200670,
107116,00656289,코스맥스엔비티,"COSMAX NBT, INC.",222040,
107117,00160047,한국앤컴퍼니,"HANKOOK & COMPANY CO., LTD.",000240,
107118,00799177,삼기,SAMKEE CORP.,122350,
107119,00160302,코스모화학,"COSMOCHEMICALCO.,LTD",005420,
107120,00161426,한미사이언스,"Hanmi Science Co.,Ltd",008930,
107121,00991298,씨이랩,"XIIlab Co., Ltd",189330,
107122,00163761,한창제지,"HANCHANG PAPER CO.,LTD",009460,
107123,01031502,코아시아씨엠,"CoAsia CM Co.,Ltd",196450,
107124,00164636,HDC,"HDC HOLDINGS CO.,Ltd",012630,
107125,01032583,강동씨앤엘,"KANGDONG C&L co., Ltd",198440,
107126,00164645,HMM,"HMM CO.,LTD",011200,
107131,00106614,기신정기,KISHIN CORPORATION,092440,
107137,00557933,진도,"JINDO.CO.,LTD",088790,
107150,01663569,하스,HASS Corp.,450330,
107184,01018617,메디쎄이,"MEDYSSEY CO.,LTD",200580,
107185,00369213,폴라리스AI,Polaris AI Corp.,039980,
107186,01110182,SCL사이언스,SCL Science Inc.,246960,
107206,00116426,이렘,"IREM Co.,Ltd.",009730,
107207,00122551,백산,"BAIKSAN CO.,LTD",035150,
107208,00140946,한솔로지스틱스,"Hansol Logistics CO., Ltd",009180,
107209,00139205,안국약품,"AHN-GOOK PHARMACEUTICAL Co., Ltd.",001540,
107210,00141477,영흥,"YOUNGWIRE CO., LTD.",012160,
107211,00349811,오션인더블유,"Ocean In W Co.,Ltd.",052300,
107212,00534598,한컴라이프케어,Hancom Lifecare Inc.,372910,
107213,01060744,한솔제지,"Hansol Paper Co., Ltd",213500,
107214,00815095,우리이앤엘,"WOOREE E&L CO.,Ltd.",153490,
107215,01187148,케어랩스,"Carelabs Co.,Ltd",263700,
107220,00329084,비엔디,"BND Co., Ltd.",047940,
107227,00334493,씨티앤티,"CT&T Co.,Ltd.",050470,
107228,00334615,콜마파마,"Kolmarpharma Co.,Ltd.",038710,
107238,00349787,지케이파워,"GKPOWER CO., LTD",054020,
107262,00577016,수산아이앤티,"SOOSAN INT Co., LTD.",050960,
107272,00123718,부광약품,"BUKWANG PHARMACEUTICAL IND CO.,LTD",003000,
107273,00126414,삼성제약,"SAMSUNG PHARMACEUTICAL.CO.,Ltd.",001360,
107274,00126788,삼아제약,Sam-A Pharm. Co. Ltd,009300,
107275,00128546,삼천당제약,SAM CHUN DANG PHARM CO. LTD,000250,
107276,00129679,녹십자,Green Cross Corporation,006280,
107277,00131018,서울제약,"SEOUL PHARMA CO.,LTD",018680,
107278,00135050,팜젠사이언스,"PharmGen Science, Inc.",004720,
107279,00136448,신신제약,"SINSIN PHARMACEUTICAL Co., LTD.",002800,
107280,00137058,신일제약,"SHINIL PHARMACEUTICAL CO., LTD.",012790,
107281,00137359,신풍제약,"SHINPOONG PHARMACEUTICAL CO.,LTD",019170,
107282,00141149,영진약품,"YUNGJIN PHARM. CO., LTD",003520,
107283,00144818,유유제약,"Yuyu Pharma, Inc.",000220,
107284,00146083,일동홀딩스,"ILDONG HOLDINGS CO.,LTD ",000230,
107285,00149947,JW중외제약,JW PHARMACEUTICAL,001060,
107286,00150536,진양제약,"JIN YANG PHARMACEUTICAL. CO., LTD",007370,
107287,00158963,유나이티드,KOREA UNITED PHARM INC,033270,
107288,00161046,한독,HANDOK Inc.,002390,
107294,00442631,태양기계,"Sun Machinery Co.,LTD",116100,
107298,00111111,대양금속,"DAIYANG METAL CO.,LTD",009190,
107305,00681249,씨유메디칼,CU MEDICAL SYSTEMS Inc.,115480,
107315,01038693,드림시큐리티,"Dream Security Co.,Ltd.",203650,
107316,00167192,넥센,NEXEN CORPORATION,005720,
107317,00173874,넥센타이어,NEXEN TIRE CORPORATION,002350,
107318,01068658,선샤인푸드,Sunshine Food Inc.,217620,
107319,00178754,동아지질,Dong-Ah Geological Engineering Company LTD.,028100,
107320,01098792,본느,"Bonne Co., Ltd.",226340,
107321,00233653,한국토지신탁,"Korea Real Estate Investment & Trust Co., Ltd",034830,
107322,00241005,코오롱ENP,"KOLON ENP, INC.",138490,
107323,01181807,형지글로벌,"Hyungji Global Co., Ltd.",308100,
107324,00357935,HDC현대EP,"HDC Hyundai Engineering Plastics Co., Ltd. ",089470,
107325,01189438,HLB바이오스텝,"HLB bioStep Co.,Ltd.",278650,
107326,00365387,AJ네트웍스,"AJ Networks Co.,Ltd.",095570,
107327,01201590,에브리봇,EVERYBOT Inc.,270660,
107328,00759513,LX하우시스,"LX HAUSYS, LTD.",108670,
107329,01211232,코윈테크,"COWINTECH Co., Ltd",282880,
107330,00795135,코오롱인더,"KOLON INDUSTRIES, INC.",120110,
107331,00854997,에스디바이오센서,SD BIOSENSOR  INC.,137310,
107345,00157399,한솔테크닉스,"Hansol Technics Co., Ltd",004710,
107348,00549925,루트로닉,Lutronic Corporation,085370,
107392,00308559,코디,"KODI Co.,LTD.",080530,
107393,00653103,퓨처코어,"FutureCore Co.,Ltd.",151910,
107421,01258020,에스바이오메딕스,"S.Biomedics Co., Ltd.",304360,
107428,00261887,티엘아이,TLIInc.,062860,
107436,00356158,영진코퍼레이션,"YOUNGJIN Corporation Co., Ltd.",053330,
107486,01605282,닷밀,dotmill Inc.,464580,
107494,00162586,한올바이오파마,"HANALL BIOPHARMA CO.,LTD",009420,
107495,00164706,현대약품,"HYUNDAI PHARMACEUTICAL CO., LTD",004310,
107496,00166573,환인제약,"WHANIN PHARM CO.,LTD",016580,
107497,00187770,한국파마,"KOREA PHARMA Co., Ltd.",032300,
107498,00210740,대화제약,"DAE HWA PHARM CO., LTD",067080,
107499,00216027,바이넥스,"Binex Co., Ltd.",053030,
107500,00231831,조아제약,"ChoA Pharmaceutical Co., LTD.",034940,
107501,00256043,비씨월드제약,"BCWORLDPHARM Co., Ltd.",200780,
107502,00533809,바스칸바이오제약,BASKHANBIOPharma Inc.,354390,
107503,00541349,셀트리온제약,Celltrion Pharm Inc.,068760,
107504,00765851,위더스제약,"Withus Pharmaceutical. Co., LTD",330350,
107505,00828497,한미약품,"Hanmi Pharm. Co., Ltd.",128940,
107506,00359395,헬릭스미스,"Helixmith Co., Ltd",084990,
107507,01405451,알체라,Alchera Inc.,347860,
107513,00585219,세원이앤씨,"SEWON E&C CO.,LTD.",091090,
107514,01091382,세토피아,"Setopia Co.,Ltd.",222810,
107515,01601286,미래에셋비전기업인수목적1호,Mirae Asset Vision Special Purpose Acquisition 1 Company,412930,
107516,01718407,블랙야크아이앤씨,"BLACK YAK I&C CO.,LTD",478560,
107534,00937324,한국타이어앤테크놀로지,"HANKOOK TIRE & TECHNOLOGY CO.,LTD",161390,
107535,01245062,코오롱티슈진,"Kolon TissueGene, Inc.",950160,
107536,01108099,현대코퍼레이션홀딩스,"HYUNDAI CORPORATION HOLDINGS Co.,Ltd.",227840,
107537,01275665,리메드,"REMED CO.,LTD.",302550,
107538,01310269,HDC현대산업개발,HYUNDAI DEVELOPMENT COMPANY,294870,
107539,01712485,코오롱모빌리티그룹,KOLON MOBILITY GROUP CORPORATION,450140,
107540,00537221,인바이츠바이오코아,"INVITES BIOCORE CO., LTD",216400,
107547,00580065,월덱스,"WORLDEXINDUSTRY&TRADINGCO.,LTD",101160,
107551,00109019,아이엠뱅크,iM Bank,005270,
107585,00111847,대원강업,"DAEWONKANGUP CO.,LTD",000430,
107586,00121969,에쓰씨엔지니어링,"SC ENGINEERING CO., LTD",023960,
107610,00516246,알에프세미,"RFsemiTechnologies,Inc.",096610,
107612,01290381,피엔케이피부임상연구센타,"P&K Skin Research Center Co.,Ltd.",347740,
107654,00501970,퀀타피아,QUANTAPIA INC.,078940,
107670,00446901,코칩,KORCHIP CORPORATION,126730,
107671,01798722,SK증권제12호스팩,SK Securities No.12 Special Purpose Acquisition Company,473000,
107704,00989664,코아스템켐온,CORESTEMCHEMON Inc.,166480,
107705,00992871,종근당,Chong Kun Dang Pharmaceutical Corp.,185750,
107706,01012066,HK이노엔,HK inno.N Corporation,195940,
107707,01168383,일동제약,"IL DONG PHARMACEUTICAL CO., LTD.",249420,
107716,00148832,제주은행,Jeju Bank,006220,
107737,00173449,빌리언스,"Billions Co.,Ltd.",044480,
107740,01288827,HPSP,"HPSP Co., Ltd.",403870,
107746,00115977,아이에스동서,"IS DONGSEO CO., LTD.",010780,
107747,00102353,경창산업,KyungchangIndustrial,024910,
107748,00117300,TCC스틸,TCC STEEL,002710,
107749,00109310,대동기어,DaedongGear,008830,
107750,00140131,키다리스튜디오,"KidariStudio, Inc.",020120,
107751,00128111,포스코엠텍,"POSCO M-TECH CO.,LTD.",009520,
107752,00130763,서울반도체,"SEOUL SEMICONDUCTOR CO., LTD.",046890,
107753,00219574,코스맥스비티아이,"COSMAX BTI, INC.",044820,
107754,00153375,태광,T. K. CORPORATION,023160,
107755,00450010,씨티알모빌리티,"CTR Mobility Co.,Ltd.",308170,
107756,00156910,SBI인베스트먼트,"SBI Investment KOREA Co., Ltd.",019550,
107757,00589127,KEC,KEC CORPORATION,092220,
107758,01009789,코스맥스,"COSMAX, INC.",192820,
107759,00397289,오텍,Autech Corporation,067170,
107760,01412725,두산퓨얼셀,"Doosan Fuel Cell Co., Ltd.",336260,
107761,00488402,서울바이오시스,"SEOUL VIOSYS CO., LTD.",092190,
107767,00463342,폴라리스AI파마,Polaris AI Pharma Corp.,041910,
107778,00245898,에스에이치엔엘,SH&L Inc.,050320,
107780,01688346,유안타제11호스팩,Yuanta 11 SPECIAL PURPOSE ACQUISITION COMPANY,444920,
107781,01690235,유안타제12호스팩,Yuanta 12 SPECIAL PURPOSE ACQUISITION COMPANY,446150,
107782,01701753,유안타제13호스팩,"Yuanta 13 SPECIAL ACQUISITION COMPANY Co., Ltd.",449020,
107783,01706819,유안타제14호스팩,"Yuanta 14 SPECIAL PURPOSE ACQUISITION COMPANY Co., Ltd.",450940,
107807,00668965,지오엘리먼트,"GO Element Co., Ltd.",311320,
107853,01573974,엔에이치기업인수목적20호,NH SPECIAL PURPOSE ACQUISITION 20 COMPANY,391060,
107854,01722437,한화갤러리아,HANWHA GALLERIA CORPORATION,452260,
107884,00936787,애경케미칼,"AEKYUNG CHEMICAL CO., LTD",161000,
107912,00249894,테라젠이텍스,"THERAGEN ETEX CO.,LTD.",066700,
107913,01165155,모비스,"Mobiis Co., Ltd.",250060,
107915,00113261,대한광통신,"TAIHAN Fiberoptics Co.,LTD",010170,
107916,00184889,이건홀딩스,"EAGON HOLDINGS CO., LTD.",039020,
107917,00390408,인크레더블버즈,InkredibleBuzz Inc.,064090,
107929,00142713,형지I&C,HYUNGJI Innovation and Creative Company Limited,011080,
107936,00899556,제룡산업,"CHERYONG INDUSTRIAL CO.,LTD.",147830,
107937,01719105,신한제11호스팩,Shinhan 11th Special Purpose Acquisition Company,452980,
107938,01807747,신한제13호스팩,Shinhan 13th Special Purpose Acquisition Company,474930,
107939,01809569,신한제12호스팩,Shinhan 12th Special Purpose Acquisition Company,474660,
107942,00188122,남산물산,"Hana Mulsan CO.,LTD",036280,
107979,01412822,솔루스첨단소재,Solus Advanced Materials Co. Ltd.,336370,
107982,00109453,케이조선,"K Shipbuilding Co., Ltd.",067250,
107990,00113492,깨끗한나라,"KleanNara Co., Ltd.",004540,
107991,00111218,KD,KD Corporation,044180,
107992,00117966,동원개발,DongwonDevelopment,013120,
107993,00122481,태경비케이,"TAEKYUNG BK CO.,LTD.",014580,
108005,01109937,티앤알바이오팹,"T&R Biofab Co., Ltd",246710,
108016,01274329,성일하이텍,"SungEel HiTech Co., Ltd.",365340,
108043,00683007,엑스큐어,Xcure Corp.,070300,
108050,00653194,AP헬스케어,AP Healthcare Inc.,109960,
108052,00146454,일양약품,"ILYANG PHARMACEUTICAL CO.,LTD",007570,
108137,01518506,타조엔터테인먼트,"TAJOY entertainment co., LTD",476710,
108139,00162072,한신기계공업,HANSHIN MACHINERY CO,011700,
108153,01689266,케이쓰리아이,"K3I. Co., Ltd.",431190,
108168,00413046,셀트리온,"Celltrion, Inc.",068270,
108169,00134176,세우글로벌,"SEWOO GLOBAL CO,. LTD",013000,
108202,00121154,엠에스씨,"MSC Co.,Ltd.",009780,
108203,00122205,바른손,Barunson,018700,
108204,00126937,삼양홀딩스,Samyang Holdings Corporation,000070,
108205,00131197,서원,"SEOWON CO.,LTD",021050,
108206,00130587,서울전자통신,SEOUL ELECTRONICS & TELECOM,027040,
108207,00141307,영풍,YOUNGPOONG CORPORATION,000670,
108208,00158219,시그네틱스,Signetics Corp.,033170,
108209,00205003,좋은사람들,"GOOD PEOPLE CO., LTD.",033340,
108210,00157991,한국석유공업,KOREA PETROLEUM INDUSTRIES COMPANY,004090,
108211,00163673,한진중공업홀딩스,"HANJIN HEAVY IND. & CONST. HOLDINGS CO., LTD",003480,
108212,00259590,바른손이앤에이,Barunson Entertainment & Arts Corporation,035620,
108213,00171265,파라다이스,"PARADISE.Co.,Ltd.",034230,
108214,00262266,삼현,"SAMHYUN CO.,LTD",437730,
108215,00174527,HS화성,"HS HWASUNG CO., LTD.",002460,
108216,00267906,베뉴지,"VenueG Co.,Ltd.",019010,
108217,00203315,콘텐트리중앙,ContentreeJoongAng corp.,036420,
108225,01008762,데브시스터즈,Devsisters corporation,194480,
108229,00151447,천지산업,CHONJI CORPORATION,001490,
108236,00199252,HLB,HLB INC.,028300,
108294,00175173,오스템,"AUSTEM CO.,LTD",031510,
108295,00253985,국보디자인,KUKBO DESIGN,066620,
108296,00263371,한국경제TV,"The Korea Economic Broadcasting CO.,LTD.",039340,
108297,00126779,삼아알미늄,"SAMA ALUMINIUM CO.,LTD",006110,
108298,00138516,아남전자,"ANAM ELECTRONICS CO.,LTD",008700,
108299,00664853,제이씨케미칼,"JC Chemical Corporation, LTD.",137950,
108300,00191472,KPX케미칼,"KPX CHEMICAL CO., LTD.",025000,
108301,00788773,씨젠,"SEEGENE, INC.",096530,
108302,01582228,교보11호기업인수목적,Kyobo 11 Special Purpose Acquisition Company,397880,
108303,01553129,제이투케이바이오,"J2KBIO Co., Ltd.",420570,
108352,00367376,사이노젠,Cynogen,064060,
108356,00104856,삼성증권,"SAMSUNG SECURITIES CO.,LTD",016360,
108357,00105961,LG이노텍,"LG INNOTEK CO., LTD.",011070,
108358,00126256,삼성생명,"Samsung Life Insurance co., Ltd",032830,
108359,00415707,엔텔스,"nTelsCo.,Ltd.",069410,
108360,00126478,삼성중공업,"SAMSUNG HEAVY INDUSTRIES CO.,LTD",010140,
108361,00470829,한솔인티큐브,"Hansol Inticube Co., Ltd.",070590,
108362,00136378,신세계,SHINSEGAE Inc.,004170,
108363,00137997,현대차증권,"HYUNDAI MOTOR SECURITIES CO.,LTD.",001500,
108364,00158501,에스원,S-1 CORPORATION,012750,
108365,00166519,화천기공,"HWACHEON MACHINE TOOL CO.,LTD",000850,
108366,00508274,일진다이아,"ILJIN DIAMOND CO., LTD.",081000,
108376,01663116,에어레인,"Airrane Co., Ltd.",163280,
108395,00400121,유아이디,"U.I.DISPLAY CO.,LTD.",069330,
108399,00166333,화신테크,"HWASHIN TECH CO.,LTD",086250,
108401,00819374,나무가,"Namuga Co.,Ltd",190510,
108402,00296290,키움증권,"KIWOOM Securities Co.,Ltd.",039490,
108403,01226410,씨앤씨인터내셔널,"C&C International Co.,Ltd.",352480,
108430,01109070,비피도,BIFIDO. Co. Ltd,238200,
108431,01593242,하나금융21호기업인수목적,Hana Financial Twenty-one SPAC,406760,
108438,01073261,동방메디컬,"DongBang Medical Co., Ltd.",240550,
108445,00144243,유니슨,"UNISON CO., LTD.",018000,
108456,00148470,제일일렉트릭,"CHEIL ELECTRIC CO.,LTD.",199820,
108461,01436558,신한서부티엔디리츠,"Shinhan Seobu T&D REIT Co., Ltd.",404990,
108471,00506294,가비아,"GABIA,Inc.",079940,
108503,00103006,고려제강,"KISWIRE CO.,LTD",002240,
108504,00103176,흥국화재,"Heungkuk Fire & Marine Insurance Co., Ltd.",000540,
108505,00105466,KCC건설,"KCC ENGINEERING & CONSTRUCTION CO., LTD.",021320,
108506,00109037,대성창투,"Daesung Private Equity, Inc.",027830,
108507,00113614,대현,"DAEHYUN CO.,LTD",016090,
108561,00525934,LX세미콘,"LX Semicon Co., Ltd.",108320,
108565,00124106,부산은행,BUSAN BANK,005280,
108592,00146861,자화전자,"JAHWA ELECTRONICS CO.,LTD",033240,
108606,00155948,코웰패션,"COWELL FASHION CO.,LTD",033290,
108631,00317104,라이온켐텍,"LION CHEMTECH CO., Ltd.",171120,
108632,00210856,코아스,"KOAS CO., LTD",071950,
108633,00346610,시지메드텍,"CG MedTech Co.,Ltd.",056090,
108634,00372226,티에스이,"TSE CO.,Ltd",131290,
108635,00361488,텔코웨어,"TELCOWARE CO.,LTD.",078000,
108636,00372882,KTcs,ktcs corporation,058850,
108637,00399694,SOOP,"SOOP CO., LTD.",067160,
108638,00628189,웅진씽크빅,"WOONGJIN THINKBIG CO., LTD.",095720,
108639,00407814,CG인바이츠,"CG Invites Co., Ltd.",083790,
108640,00838500,엘브이엠씨,"LVMC Holdings CO,.LTD",900140,
108641,00852087,시디즈,"Sidiz, Inc.",134790,
108642,00486370,성창오토텍,"SUNGCHANG AUTOTECH CO.,LTD.",080470,
108643,01210677,씨케이솔루션,"CK SOLUTION Co., Ltd.",480370,
108644,00494476,이녹스,INNOXCorporation,088390,
108645,01497869,티와이홀딩스,"TY Holdings Co., Ltd.",363280,
108646,00535481,에스와이,"SY CO., LTD.",109610,
108647,00540447,유니테스트,UniTestInc.,086390,
108649,01493793,코셈,"COXEM CO., LTD",360350,
108664,01448544,셀로맥스사이언스,"Cellromax Science Co., Ltd.",471820,
108673,00103592,광동제약,"KWANGDONG PHARMACEUTICAL CO.,LTD",009290,
108674,00355548,한국테크놀로지,HANKOOK Technology Inc.,053590,
108675,01575361,세븐브로이맥주,"Sevenbrau Co., Ltd.",267080,
108676,01114559,씨엔티드림,CNT Dream  CO. LTD.,286000,
108704,00117188,효성,HYOSUNG CORPORATION,004800,
108713,00117601,유안타증권,"Yuanta Securities Korea Co., Ltd.",003470,
108714,00158015,한국선재,"HANKUK STEEL WIRE CO., LTD.",025550,
108715,00118044,동원수산,"DONGWON FISHERIES CO.,LTD",030720,
108716,00169215,에너토크,ENERTORK LTD.,019990,
108717,00187725,코콤,"KOCOM CO., LTD",015710,
108718,00131939,선도전기,"SEONDO ELECTRIC CO.,LTD",007610,
108719,00146296,일신석재,"ILSHIN STONE CO.,LTD",007110,
108720,00159573,한국주철관공업,"KOREA CASTIRON PIPE IND CO.,LTD",000970,
108721,00162063,한신공영,"HANSHIN CONSTRUCTION CO.,LTD",004960,
108722,00246620,케이엘넷,KL-Net Corp.,039420,
108759,00101257,경남기업,KEANGNAM ENTERPRISES LTD,000800,
108813,00477257,지나인제약,"G9pharma co., LTD",078650,
108817,00273615,비케이탑스,"BK Tops Co.,Ltd",030790,
108818,01128622,이스트에이드,ESTaid Corp.,239340,
108837,00129642,상신브레이크,SANGSIN BRAKE,041650,
108838,00137368,신풍,SHINPOONG INC.,002870,
108851,00781202,애머릿지,Ameridge Corporation,900100,
108858,00547510,툴젠,ToolGen Incorporated,199800,
108859,01188730,SK시그넷,SK Signet Inc.,260870,
108860,00572905,ISC,"ISC Co., LTD.",095340,
108861,00573269,에스코넥,"S Connect Co., LTD",096630,
108862,00615723,아이윈플러스,"iWIN PLUS CO.,LTD.",123010,
108863,00657987,KX,"KX Innovation Co., Ltd.",122450,
108864,00675594,디티앤씨,"Dt&C Co., Ltd.",187220,
108865,00942131,앤디포스,"NDFOS CO., LTD.",238090,
108866,00983934,아이스크림에듀,"i-Scream Edu Co., Ltd.",289010,
108867,01109539,와이씨,YC Corporation,232140,
108868,01210190,모비릭스,MOBIRIX Corporation,348030,
108869,01217795,엠에프씨,"MFC Co., Ltd.",432980,
108870,01237540,이녹스첨단소재,"INNOX Advanced Materials Co., Ltd.",272290,
108873,01390399,솔트웨어,"Saltware Co., Ltd.",328380,
108925,00198192,한국팩키지,"HANKUK PACKAGE CO., LTD.",037230,
108926,00120526,롯데쇼핑,"LOTTE SHOPPING CO.,LTD.",023530,
108927,00205687,더라미,"The Lamy Co., Ltd.",032860,
108928,00367604,SM Life Design,"SM Life Design Group Co., Ltd.",063440,
108929,00125743,현대비앤지스틸,"HYUNDAI BNG STEEL CO., LTD",004560,
108930,00656951,현대이지웰,"HYUNDAI EZWEL CO., LTD.",090850,
108931,00130684,서울도시가스,"SEOUL CITY GAS CO.,LTD",017390,
108932,00815767,위메이드플레이,"Wemade Play Co., Ltd.",123420,
108933,00155212,포스코DX,POSCO DX COMPANY LTD.,022100,
108934,01027828,퓨릿,"Purit Co., Ltd.",445180,
108946,00164830,HD한국조선해양,"HD KOREA SHIPBUILDING & OFFSHORE ENGINEERING CO., LTD.",009540,
108947,00250137,와이어블,Wiable Corp.,065530,
108948,00305668,새론오토모티브,SAERONAUTOMOTIVE CORPORRATION,075180,
108949,00458234,아시아나IDT,"Asiana IDT, Inc.",267850,
108950,00261957,한국정보공학,"Korea Information Engineering Services Co., Ltd",039740,
108951,00520887,비상교육,VISANG EDUCATION INC,100220,
108952,00269889,누리플렉스,"NuriFlex Co.,Ltd.",040160,
108953,00633835,HJ중공업,"HJ SHIPBUILDING & CONSTRUCTION CO.,LTD",097230,
108982,00408336,인산가,INSAN Inc.,062580,
109068,01649620,아우토크립트,"Autocrypt Co., Ltd.",331740,
109080,01263022,BGF리테일,"BGF retail CO., LTD.",282330,
109081,00219097,BGF,"BGF CO., LTD.",027410,
109131,00385363,빅텍,"VICTEK. Co., Ltd.",065450,
109136,00119195,동화약품,"DONGWHA PHARM.CO.,LTD",000020,
109137,00265421,인지디스플레,INZI DISPLAY COMPANY LIMITED,037330,
109138,01159233,솔루엠,"SOLUM CO., LTD.",248070,
109139,00914341,아이티켐,"IT-CHEM Co., Ltd.",309710,
109142,00106623,현대위아,HYUNDAI WIA,011210,
109143,00172228,엔케이,"NK CO.,LTD.",085310,
109177,00204642,티비씨,TBC,033830,
109178,00288495,HC홈센타,"HC HomeCenter Co.,Ltd",060560,
109179,00568461,HC보광산업,"HC BoKwang Industry Co.,Ltd",225530,
109180,00938688,SBI핀테크솔루션즈,"SBI FinTech Solutions Co., Ltd.",950110,
109190,00104810,소노스퀘어,"SONO SQUARE CO.,LTD.",007720,
109191,00125974,삼부토건,"SAMBU CONSTRUCTION CO.,LTD",001470,
109192,00201432,비츠로시스,"VitzroSys., Co. LTD",054220,
109193,00317487,티에스넥스젠,"TS Nexgen Co., Ltd.",043220,
109194,00375931,인선이엔티,INSUN ENVIRONMENTAL NEW TECHNOLOGY CO.,060150,
109195,00642541,제이에스링크,"JS Link, Inc.",127120,
109196,00761183,신성에스티,"Shinsung ST Co., Ltd.",416180,
109197,00814582,탑런토탈솔루션,"TOP RUN TOTAL SOLUTION CO.,LTD",336680,
109198,00885906,에이치와이티씨,"HYTC CO., LTD",148930,
109199,01089378,디와이디,"DYD Co.,LTD.",219550,
109200,01182259,알피바이오,RPbio Inc.,314140,
109201,01397903,엔젠바이오,"NGeneBio Co., Ltd.",354200,
109202,01419205,피앤에스로보틱스,"P&S Robotics Co., Ltd.",460940,
109267,00252269,아이에이,"iA, Inc.",038880,
109268,00683061,한라캐스트,"HALLACAST Co.,Ltd",125490,
109276,00141875,사조오양,OYANG CORPORATION,006090,
109277,00151605,THE CUBE&,The Cube& Inc.,013720,
109278,01885222,대신밸류리츠,"Daishin Value REIT Co., Ltd.",0030R0,
109279,00353610,이니텍,"INITECH Co., Ltd.",053350,
109280,00618410,KS인더스트리,"KS Industry Co., Ltd.",101000,
109281,01267967,마이크로디지탈,"Micro Digital Co., Ltd.",305090,
109282,01696451,대신밸런스제14호기업인수목적,Daishin Balance No.14 Special Purpose Acquisition Company,442310,
109283,01677678,교보13호기업인수목적,Kyobo 13 Special Purpose Acquisition Company,440790,
109287,00140061,티케이지애강,"TKG AIKANG CO., LTD",022220,
109292,01867758,한화비전,"Hanwha Vision CO.,LTD",489790,
109293,00693554,티케이케미칼,TK CHEMICAL CORPORATION,104480,
109294,00169048,HLB글로벌,"HLB GLOBAL Co., Ltd.",003580,
109326,01326279,아이엘,"IL CO.,LTD.",307180,
109328,00182696,대한조선,"DAEHAN SHIPBUILDING Co., Ltd.",439260,
109329,01293485,제닉스로보틱스,"ZENIX ROBOTICS CO.,LTD",381620,
109330,01534577,청담글로벌,"CHUNGDAMGLOBAL Co., Ltd.",362320,
109331,00609634,아이엠,"IMCo.,LTD",101390,
109336,00336817,HLB제약,"HLB PHARMACEUTICAL CO., LTD.",047920,
109410,00113544,대한화섬,"DAEHAN SYNTHETIC FIBRER CO.,LTD",003830,
109411,00143226,엠투엔,"M2N Co.,Ltd",033310,
109413,00145738,이화전기,"EHWA TECHNOLOGIES INFORMATION CO., LTD.",024810,
109467,00124799,사조산업,"SAJO INDUSTRIES CO.,LTD",007160,
109468,00146427,한주에이알티,"HANJOO ART Co.,LTD.",058450,
109469,00126089,DH오토넥스,"DHAUTONEX CO.,LTD",000300,
109470,00152127,심텍홀딩스,"SIMMTECH HOLDINGS Co., Ltd.",036710,
109471,00153393,태광산업,"TAEKWANG INDUSTRIAL CO.,LTD",003240,
109472,00176835,농우바이오,"NH NONGWOOBIO CO., LTD.",054050,
109473,00260657,오상헬스케어,"OSANG HEALTHCARE CO.,LTD.",036220,
109474,00264714,SG&G,SG&G Corporation,040610,
109475,00268002,세종텔레콤,"Sejong Telecom, Inc.",036630,
109476,00276083,피노,FINO INC.,033790,
109477,00666329,코나솔,"KONASOL CO.,LTD",176590,
109478,00346911,아이톡시,ITOXI Corp.,052770,
109479,00366137,KG에코솔루션,"KG Eco Solution Co., Ltd.",151860,
109480,00373571,스타코링크,"STACO LINK Co.,Ltd.",060240,
109481,01413371,HLB사이언스,HLB SCIENCE Inc.,343090,
109484,01497373,아이엠비디엑스,"IMBdx, Inc.",461030,
109485,01594791,나우로보틱스,"NAUROBOTICS  Co., Ltd.",459510,
109506,00152589,코리아나,"COREANA COSMETICS CO., LTD",027050,
109510,00445160,디이엔티,"DE&TCo.,Ltd.",079810,
109511,00497631,티플랙스,"Tplex Co., Ltd",081150,
109512,00874803,AP위성,Asia Pacific Satellite lnc.,211270,
109513,00875237,씨앤투스,"CNTUS Co., Ltd",352700,
109514,01175499,위니아에이드,"WINIA AID CO.,LTD.",377460,
109515,01311055,쿠콘,coocon Corporation,294570,
109516,01327746,보로노이,"Voronoi, Inc.",310210,
109517,01381391,에스피소프트,SPSoft Inc.,443670,
109518,01506617,쓰리빌리언,3billion Inc.,394800,
109519,01806951,폰드그룹,"POND GROUP CO., LTD.",472850,
109527,01325979,세아제강,SeAH Steel Corporation,306200,
109528,00366438,산일전기,"SANIL ELECTRIC CO., LTD",062040,
109529,00244561,그래디언트,Gradiant Corporation,035080,
109530,01015160,PS일렉트로닉스,"Pentastone Electronics, Inc.",332570,
109531,01109122,에스엘테라퓨틱스,"SL Therapeutics, Inc.",258540,
109567,01436479,토마토시스템,"TOMATOSYSTEM Co., Ltd.",393210,
109568,01455410,파인메딕스,"Finemedix Co., Ltd.",387570,
109569,01508855,블리츠웨이엔터테인먼트,"Blitzway Entertainment Co., Ltd.",369370,
109573,00563837,제로투세븐,Zero to Seven Inc,159580,
109619,00911955,잇츠한불,"IT'S HANBUL CO., LTD.",226320,
109672,00138190,GS글로벌,GS Global Corp.,001250,
109685,01063884,솔디펜스,"SolDefense Co., Ltd.",215090,
109694,00371740,디티씨,"DTC Co., Ltd.",066670,
109699,01153293,제이엘케이,"JLK, Inc.",322510,
109799,00148276,제일기획,Cheil Worldwide Inc,030000,
109812,01336762,스피어,Sphere Corp.,347700,
109833,01671197,에스케이증권제8호기업인수목적,SK Securities No.8 Special Purpose Acquisition Company,435870,
109834,00106881,인디에프,In the F,014990,
109835,01731453,디비금융제11호기업인수목적,"DB Finance No.11 Special Purpose Acquisition Co., Ltd.",456440,
109836,01157846,바이오포트,BIO PORT KOREA,188040,
109848,01380578,도우인시스,"DOWOOINSYS Co., LTD.",484120,
109852,01182240,배럴,"BARREL Co., Ltd.",267790,
109853,00162461,한화솔루션,HANWHA SOLUTIONS CORPORATION,009830,
109854,01405585,윙스풋,WING'S FOOT INC.,335870,
109855,01782004,뉴로핏,NEUROPHET Inc.,380550,
109856,00442905,대성파인텍,"Daesung Fine Tech. Co., Ltd",104040,
109862,00110060,대백저축은행,DEBEC SAVINGS BANK.,026970,
109897,01649204,달바글로벌,"d'Alba Global Co., Ltd.",483650,
109898,00137289,이엘씨,"ELC Co., Ltd.",041520,
109899,01065013,우정바이오,"WOOJUNG BIO, Inc.",215380,
109900,01140837,이지트로닉스,"EGTRONICS Co., Ltd.",377330,
109901,01516890,E8,"E8IGHT Co., Ltd",418620,
109911,01049167,더바이오메드,"THE BioMed Co., Ltd.",214610,
109912,01335453,오하임앤컴퍼니,"OHEIM & Company Co.,Ltd.",309930,
109913,01689336,비엔케이제1호기업인수목적,BNK 1 SPECIAL PURPOSE ACQUISITION COMPANY,445360,
109914,01708163,엔알비,"NRB, inc",475230,
109916,00200275,YTN,YTN,040300,
109917,00381756,티씨머티리얼즈,"TC Materials Co., Ltd.",125020,
109918,01688568,프로티나,"PROTEINA CO.,LTD.",468530,
109923,01454341,플래티어,"Plateer Co., Ltd.",367000,
109980,00428729,대호에이엘,"DAEHO AL Co.,Ltd.",069460,
110079,00945208,더미동,"THE MIDONG Co,. Ltd",161570,
110115,00109189,대덕,"DAEDUCK Co.,LTD",008060,
110122,01587056,엔젯,"ENJET Co.,LTD",419080,
110126,01902990,KB제32호스팩,KB No.32 Special Purpose Acquisition Company,0037T0,
110132,00340917,동원F&B,"DONGWON F & B CO.,LTD",049770,
110150,00159810,카프로,CAPRO CORPORATION,006380,
110151,00362122,나래나노텍,NARAE NANOTECH CORPORATION,137080,
110193,00360142,아이마켓코리아,iMarketKorea Inc.,122900,
110194,01670675,유안타제10호기업인수목적,Yuanta 10 SPECIAL PURPOSE ACQUISITION COMPANY,435380,
110203,01341630,이노룰스,"INNORULES CO.,LTD",296640,
110254,00609315,멜파스,Melfas Inc.,096640,
110320,00624518,다산솔루에타,"Dasan Solueta Co.,Ltd.",154040,
110322,00151863,청호ICT,"CHUNGHO ICT CO.,LTD.",012600,
110331,01041828,JTC,JTC Inc.,950170,
110387,00115694,DB증권,"DB Securities Co.,Ltd",016610,
110388,00138242,KG모빌리티,KG Mobility Corp.,003620,
110389,01299106,우듬지팜,"WooDeumGee Farm Co., Ltd",403490,
110390,00204323,키스트론,"KISTRON Co., Ltd.",475430,
110395,01513699,포바이포,4by4 Inc.,389140,
110396,01593668,센서뷰,"SENSORVIEW CO., LTD.",321370,
110402,00356802,큐렉소,"CUREXO, INC.",060280,
110425,00162081,한국투자파트너스,"Korea Investment Partners Co.,Ltd.",019560,
110430,00105873,LG디스플레이,"LG Display Co., Ltd.",034220,
110432,00136925,신원종합개발,ShinwonConstruction,017000,
110434,00117267,동양생명,"TONGYANG LIFE INSURANCE CO.,LTD.",082640,
110435,00367482,빛과전자,LIGHTRON FIBER-OPTIC DEVICES INC.,069540,
110436,00309503,한국항공우주,"KOREA AEROSPACE INDUSTRIES, LTD.",047810,
110437,00526951,이엠코리아,"EMKOREACo.,LTD.",095190,
110438,00876865,네오오토,"NEOOTO CO.,LTD.",212560,
110455,00135111,수산세보틱스,"SOOSAN CEBOTICS CO., LTD",017550,
110470,00677334,아하,"AHA Co.,Ltd",102950,
110471,01207761,퀀텀온,"Quantumon Co., Ltd.",227100,
110481,00631518,SK이노베이션,"SK Innovation Co., Ltd.",096770,
110482,01573336,토모큐브,"Tomocube, Inc.",475960,
110484,01875146,신한제16호스팩,Shinhan 16th Special Purpose Acquisition Company,496070,
110485,01035289,스타에스엠리츠,STAR SM Real Estate Investment Trust Incorporated,204210,
110493,00119140,핸즈코퍼레이션,HANDS CORPORATION LTD.,143210,
110511,00556712,힘스,"HIMS CO., LTD.",238490,
110518,01514698,엑스플러스,Xplus Inc.,373200,
110525,01185867,퓨쳐메디신,"Future Medicine  Co., Ltd.",341170,
110526,00300557,위니아,"WINIA Co., Ltd.",071460,
110527,00408956,제넨바이오,GenNBio Inc.,072520,
110532,00876643,캐프,"CAP Co.,Ltd.",198080,
110545,01675421,아이비케이에스제20호기업인수목적,IBKS No.20 Special Purpose Acquisition Company,439730,
110546,01675227,삼성기업인수목적7호,SAMSUNG SPECIAL PURPOSE ACQUISITION 7 COMPANY,439250,
110549,01335930,티움바이오,"TiumBio Co., Ltd.",321550,
110560,00816544,토니모리,"TONYMOLY CO., LTD.",214420,
110578,00100957,건영,"KunYoung Engineering & Construction Co., LTD",012720,
110590,00151298,DSR제강,DSR WIRE CORP,069730,
110597,00136101,메이슨캐피탈,MASON CAPITAL CORPORATION,021880,
110598,00378363,3S,"3S KOREA CO., LTD",060310,
110599,01440153,넥사다이내믹스,"Nexa Dynamics Co., Ltd.",351320,
110618,01261893,케이씨텍,"KCTECH CO., LTD",281820,
110620,00141626,오리엔트바이오,ORIENTBIO Inc.,002630,
110621,01639508,뉴엔AI,NEWEN AI,463020,
110650,00173102,모나리자,"MONALISA CO.,LTD",012690,
110654,01386916,SK아이이테크놀로지,"SK ie technology Co., Ltd.",361610,
110655,00268251,다산네트웍스,"DASAN Networks, Inc.",039560,
110656,00874168,싸이닉솔루션,"SYNIC SOLUTION CO., LTD.",234030,
110657,00109514,티웨이홀딩스,Tway Holdings Incorporation,004870,
110658,01810796,케이비제28호기업인수목적,KB No.28 Special Purpose Acquisition Company,476470,
110659,01678835,유진기업인수목적9호,"EUGENE SPECIAL PURPOSE ACQUISITION 9 COMPANY Co., Ltd.",442130,
110660,01467503,뉴키즈온,"New Kids On  Co., Ltd.",462310,
110682,00124726,빙그레,"BINGGRAE CO.,LTD",005180,
110683,01284876,인스피언,"Inspien, Inc.",465480,
110684,00136721,신영증권,"SHINYOUNG SECURITIES CO.,LTD",001720,
110685,01575839,플라즈맵,"Plasmapp Co., Ltd.",405000,
110701,00264635,에스넷,S NET SYSTEMS.INC,038680,
110770,01590980,심플랫폼,"Simplatform Co., Ltd.",444530,
110772,01352575,바이오텐,"Bioten Co., Ltd",289170,
110773,00351454,더테크놀로지,"The Technology Co., Ltd.",043090,
110774,01185566,휴엠앤씨,"HuM&C Co., Ltd.",263920,
110775,00945776,지슨,"GITSN, Inc.",289860,
110776,01246034,네오펙트,"NEOFECT Co.,Ltd",290660,
110777,01693922,지슨,"GITSN, Inc.",446840,
110778,01910324,교보18호스팩,Kyobo 18 Special Purpose Acquisition Company,0041B0,
110779,01577952,지투지바이오,"G2GBIO, Inc.",456160,
110796,00195229,미스토홀딩스,Misto Holdings Corporation,081660,
110797,00177870,대창솔루션,"DAECHANG SOLUTION CO.,LTD.",096350,
110798,00260745,서울평가정보,Seoul Information Service Inc.,036120,
110799,00620868,아이티센글로벌,"ITCENGLOBAL CO.,LTD.",124500,
110800,01230255,한울앤제주,"HanWool & Jeju, Inc.",276730,
110801,01393721,포커스에이아이,"FOCUS AI Co., Ltd.",331380,
110802,00406222,쎄크,"SEC co.,ltd.",081180,
110855,00679314,동성케미컬,"DONGSUNG CHEMICAL Co., Ltd.",102260,
110871,00318662,CNT85,CNT85 Inc.,056730,
110872,00808086,HLB펩,"HLB Pep Co., Ltd.",196300,
110873,01157235,아스타,"ASTA Co., Ltd.",246720,
110874,01256864,에이비엘바이오,ABL Bio Inc.,298380,
110875,01315042,시선AI,"SECERN AI Co., Ltd.",340810,
110900,00101336,경남에너지,"KYUNGNAM ENERGY CO.,LTD",008020,
110903,01274310,이오플로우,"EOFlow Co., Ltd.",294090,
110904,00149266,씨앤에이치,"CNH C0., LTD.",023460,
110911,00146214,일성아이에스,"ILSUNG IS CO., LTD.",003120,
110912,00252135,주성엔지니어링,"JUSUNG ENGINEERING Co.,Ltd.",036930,
110913,01036367,아크솔루션스,Ark Solutions Inc.,203690,
110914,01814312,한국제14호기업인수목적,"Korea No.14 Special Purpose Acquisition Co., Ltd.",477530,
110915,01307593,에이아이코리아,"AI Korea Co., Ltd.",364950,
110992,00563545,두산테스나,DOOSAN TESNA Inc.,131970,
110994,00444329,위메이드,"Wemade Co., Ltd.",112040,
111007,01011395,레몬,LEMON COMPANY LIMITED,294140,
111025,00112907,코원에너지서비스,"Ko-one energy service co.,ltd.",026870,
111031,01760738,OCI,OCI Company Ltd.,456040,
111048,00306870,손오공,"SONOKONGCO.,LTD.",066910,
111049,00602172,와이엠티,"YMT CO., LTD.",251370,
111050,01108442,에치에프알,"HFR, Inc.",230240,
111051,01344336,신테카바이오,"SyntekaBio,Inc.",226330,
111052,01409095,비트맥스,"BITMAX CO., LTD",377030,
111053,00164618,현대사료,HYUNDAI FEED Inc.,016790,
111054,01110474,에스씨엠생명과학,"SCM Lifescience Co., Ltd.",298060,
111055,01677429,엔에이치기업인수목적27호,NH SPECIAL PURPOSE ACQUISITION 27 COMPANY,440820,
111090,01109690,도부,DOBU Inc.,227420,
111095,00728638,한세실업,"HANSAE CO.,LTD.",105630,
111112,01101722,한송네오텍,"HANSONGNEOTECH CO.,LTD.",226440,
111113,00162416,한양증권,"HANYANG SECURITIES CO.,LTD",001750,
111115,01384477,엠에프엠코리아,"MFM KOREA Co., Ltd.",323230,
111123,00157104,대동전자,"DAIDONG ELECTRONICS.,LTD",008110,
111124,00370200,아이로보틱스,"I-ROBOTICS,Co.,Ltd.",066430,
111199,00968607,더본코리아,"The BORN Korea Co., Ltd.",475560,
111200,01764099,링크솔루션,"LINCSOLUTION CO., LTD.",474650,
111214,00671376,티웨이항공,"T'way Air Co., Ltd.",091810,
111215,00410739,푸른소나무,"Green pine tree Co., Ltd",057880,
111216,00426068,엑시온그룹,Exion Group Company Limited,069920,
111217,01702424,미래에셋비전스팩3호,Mirae Asset Vision Special Purpose Acquisition 3 Company,448830,
111218,01221752,지에프씨생명과학,"GFC Life Science Co., Ltd.",388610,
111244,01375822,에이프릴바이오,"AprilBio Co.,Ltd.",397030,
111613,00122825,인스코비,"Inscobee, Inc",006490,
111614,00220109,알파녹스,"Alphanox Co.,Ltd.",043100,
111687,01428203,케이씨씨글라스,KCC GLASS Corporation,344820,
111690,00361725,네이트커뮤니케이션즈,NATE Communications Corporation,066270,
111724,00232089,바이온,"BYON Co., Ltd.",032980,
111726,01011438,에이치엘사이언스,"HLSCIENCE Co., LTD",239610,
111731,01049422,썸에이지,"Thumbage Co., Ltd.",208640,
111732,00113058,한화생명,"HANWHA LIFE INSURANCE CO., LTD.",088350,
111733,01906598,하나35호스팩,Hana 35 Special Purpose Acquisition Company,0041L0,
111734,00339391,한화시스템,"HANWHA SYSTEMS Co., Ltd.",272210,
111735,00983271,NHN,NHN Corporation,181710,
111736,00148540,CJ,CJ Corp.,001040,
111865,00513948,녹십자엠에스,Green Cross Medical Science Corporation,142280,
111888,00385415,일신바이오,"ilShinbiobase Co., Ltd.",068330,
111925,00101044,에이프로젠바이오로직스,Aprogen Biologics Inc.,003060,
111928,00129411,삼환기업,SAMWHAN CORPORATION,000360,
112021,00127042,삼양통상,SAMYANGTONGSANG LTD,002170,
112022,00305570,서울리거,"SEOULEAGUER CO., LTD.",043710,
112023,00442826,대봉엘에스,"Daebonglsco.,Ltd",078140,
112054,00186559,아이티센씨티에스,ITCENCTS,031820,
112120,00166227,화승인더스트리,"HS INDUSTRIES CO.,LTD",006060,
112142,00180865,디에이치엑스컴퍼니,"DHX Company Co., Ltd.",031860,
112143,01416642,다보링크,DAVOLINK Inc.,340360,
112144,01290132,인터로이드,"InterRoid Co., Ltd.",311960,
112145,01467451,KT밀리의서재,"kt millie seojae Co.,Ltd",418470,
112146,01335143,로킷헬스케어,ROKIT HEALTHCARE Inc.,376900,
112191,01222113,인스웨이브,"Inswave Co., Ltd.",450520,
112192,01383779,에스켐,"S-CHEM Co.,Ltd.",475660,
112323,00103662,광명전기,"KWANG MYUNG ELECTRIC CO.,LTD",017040,
112324,00124805,푸른저축은행,PUREUN SAVINGS BANK,007330,
112325,00117726,DYP,"DYP CO.,LTD",092780,
112326,00185505,제일바이오,"CHEIL BIO CO., LTD.",052670,
112327,00154462,아모레퍼시픽홀딩스,AMOREPACIFIC Holdings Corp.,002790,
112328,00363769,NICE인프라,"NICE Infra Co., Ltd",063570,
112329,00408266,유니온바이오메트릭스,"UNION biometrics Co., Ltd.",203450,
112330,00486097,KT나스미디어,"kt nasmedia Co., Ltd.",089600,
112331,00624509,디바이스,"DEVICE CO.,Ltd",187870,
112332,01085442,오건에코텍,"Organ Eco Tech Co.,Ltd.",212310,
112339,00138303,아이티센엔텍,"ITCENENTEC CO.,LTD.",010280,
112340,00347716,중앙첨단소재,"JOONGANG ADVANCED MATERIALS Co., Ltd",051980,
112341,00661157,인트로메딕,"IntroMedic Co., Ltd.",150840,
112342,00990819,아티스트스튜디오,Artist Studio Inc.,200350,
112343,01309388,LS티라유텍,"LS THiRA-UTECH CO.,LTD",322180,
112344,01751448,대신밸런스제15호기업인수목적,Daishin Balance No.15 Special Purpose Acquisition Company,457390,
112407,00146542,일정실업,"ILJEONG INDUSTRIAL CO.,LTD",008500,
112408,01116502,아티스트컴퍼니,Artist Company Inc.,321820,
112443,01335851,박셀바이오,Vaxcell-Bio Therapeutics,323990,
112459,00209443,우리금융캐피탈,"WOORI FINANCIAL CAPITAL CO.,LTD",033660,
112465,00957568,로아앤코,"Loa & Co Co., Ltd.",214310,
112523,01267958,프로티아,PROTIA INC.,303360,
112566,00120030,GS건설,GS Engineering & Construction Corp,006360,
112567,01042429,넥써쓰,"NEXUS Co., Ltd.",205500,
112582,01030132,경남은행,"Kyongnam Bank Co., Ltd.",192520,
112631,01160363,에코프로비엠,"ECOPRO BM CO.,LTD.",247540,
112634,01767494,에이치엠씨제6호스팩,HMCIB No.6 Special Purpose Acquisition Company Corp.,462020,
112635,01884065,디비금융제14호스팩,"DB Finance No.14 Special Purpose Acquisition Co., Ltd.",0004Y0,
112636,01906552,엘에스스팩1호,LS Special Purpose Acquisition No1 Company,0041J0,
112653,00155586,HLB이노베이션,"HLB innoVation Co.,Ltd.",024850,
112654,00896753,에코글로우,"EcoGlow Co., Ltd.",159910,
112655,01136977,마녀공장,"Manyo Factory  Co., Ltd",439090,
112656,01657197,바이오비쥬,"BIOBIJOU Co., Ltd.",489460,
112658,00293886,위닉스,WINIX INC.,044340,
112659,01070149,올리패스,OLIPASS CORPORATION,244460,
112685,01374443,인투셀,"IntoCell, Inc.",287840,
112688,01152586,유일로보틱스,"Yuilrobotics.  co., Ltd",388720,
112689,01675254,엔에이치기업인수목적26호,NHSPECIAL PURPOSE ACQUISITION26 COMPANY,439410,
112695,01516456,인벤티지랩,Inventage Lab Inc.,389470,
112742,00480048,모다이노칩,"Moda-InnoChips Co., Ltd.",080420,
112760,00108746,DKME,"DKME Co., Ltd.",015590,
112761,01027794,브이원텍,"V-ONE TECH CO., LTD.",251630,
112763,01262032,롯데이노베이트,"LOTTE INNOVATE Co.,Ltd",286940,
112764,01029394,에코마케팅,"ECHOMARKETING Co.,Ltd.",230360,
112765,01203659,이뮨온시아,"ImmuneOncia Therapeutics, Inc.",424870,
112772,01602638,한싹,"Hanssak Co., Ltd.",430690,
112773,01674538,엔에이치기업인수목적24호,NH SPECIAL PURPOSE ACQUISITION 24 COMPANY,437780,
112774,01669475,하나금융25호기업인수목적,Hana Financial Twenty-five SPAC,435620,
112801,00136341,신성통상,"SHINSUNG TONGSANG CO.,LTD",005390,
112824,01563667,더즌,Dozn Inc.,462860,
112827,01182444,셀리버리,"Cellivery Therapeutics, Inc.",268600,
112843,01332137,노보믹스,"Novomics Co., Ltd.",283100,
112851,01182578,DH오토리드,"DH AUTOLEAD Co.,Ltd.",290120,
112852,00541862,판도라티비,"PANDORA TV CO.,LTD.",202960,
112853,01674468,엔에이치기업인수목적25호,NH SPECIAL PURPOSE ACQUISITION 25 COMPANY,438580,
112854,01432598,지씨지놈,GC Genome Corporation,340450,
112860,00197476,코엔텍,"Korea Environment Technology Co., LTD.",029960,
112861,00110583,DH오토웨어,"DHAUTOWARE Co., LTD",025440,
112862,00813389,베셀,"Vessel Co., Ltd.",177350,
112863,01219155,네오크레마,"Neo Cremar Co., Ltd.",311390,
112864,01786514,삼성기업인수목적9호,SAMSUNG SPECIAL PURPOSE ACQUISITION 9 COMPANY,468510,
112865,01638387,케이지에이,"KGA CO., LTD",455180,
112868,00136095,조은저축은행,CHOEUN SAVINGS BANK,031920,
112883,01586455,꿈비,GGUMBI Inc.,407400,
112885,00114154,디와이덕양,"DY DEOKYANG Co.,Ltd.",024900,
112893,01515323,LG에너지솔루션,"LG ENERGY SOLUTION, LTD.",373220,
112908,01109715,DSC인베스트먼트,DSC Investment Inc.,241520,
112917,00545114,랩지노믹스,"LabGenomics. Co., Ltd.",084650,
112918,01309069,타이드,"TIDE Co., Ltd.",346010,
112919,01549472,대진첨단소재,DAEJIN ADVANCED MATERIALS Inc.,393970,
112929,01506990,옵티코어,OptiCore Inc.,380540,
113007,00175623,ES큐브,"ES CUBE CO., LTD.",050120,
113008,00548519,큐러블,Curable. Inc.,086460,
113009,01023318,센코,"SENKO Co.,Ltd.",347000,
113010,01075126,사토시홀딩스,"Satoshi Holdings Co., Ltd.",223310,
113011,01294110,에스엔시스,"S&SYS CO.,LTD",0008Z0,
113024,00362201,세운메디칼,"SEWOONMEDICAL CO,. LTD.",100700,
113029,01067808,넵튠,Neptune Company,217270,
113030,01199727,샘씨엔에스,"SEMCNS Co., Ltd.",252990,
113031,01409022,현대ADM,Hyundai ADM Bio lnc.,187660,
113032,01689938,신영해피투모로우제9호기업인수목적,Shinyoung HappyTomorrow No.9 Special Purpose Acquisition Company,445970,
113035,00102858,고려아연,KOREA ZINC INC,010130,
113036,00862880,새빗켐,"Sebitchem Co., LTD",107600,
113037,01267550,나라소프트,"NARASOFT Co.,Ltd.",288490,
113038,01113499,아이티센피엔에스,"ITCENPNS CO.,LTD.",232830,
113039,00488244,원일티엔아이,"WONILTNI CO., LTD.",136150,
113040,01626391,오가노이드사이언스,ORGANOIDSCIENCES LTD.,476040,
113045,00861997,휴먼테크놀로지,"HUMAN TECHNOLOGY Co., Ltd",175140,
113046,00118521,진원생명과학,"GeneOne Life Science, Inc.",011000,
113047,01228515,앱튼,APTN Inc.,270520,
113051,00136776,제이준코스메틱,"Jayjun Cosmetic Co., Ltd.",025620,
113052,01227039,브릿지바이오,"BRIDGE BIOTHERAPEUTICS, INC.",288330,
113063,00159500,한국종합기술,Korea Engineering Consultants Corp.,023350,
113069,00532855,한국유니온제약,"UNION KOREA PHARM CO.,Ltd",080720,
113080,00959229,세종메디칼,"SEJONG MEDICAL Co.Ltd.,",258830,
113082,00977650,엔케이맥스,"NKMAX Co., Ltd.",182400,
113083,00980043,비큐AI,BECU AI Inc.,148780,
113084,01071041,CJ 바이오사이언스,CJ Bioscience,311690,
113085,00141583,삼양컴텍,"SAMYANG COMTECH CO., LTD.",484590,
113094,00120562,롯데지주,Lotte Corporation,004990,
113101,00307189,에스케이엔펄스,"SK enpulse Co., Ltd",057500,
